x,y
-1.043783,-0.897786
1.877515,2.283662
0.102082,2.663118
4.930529,0.077079
0.883472,2.786459
2.378474,2.650558
5.633504,-0.199900
-0.091514,2.956480
2.372049,2.689713
1.041156,1.858131
2.585744,0.925919
-0.220371,3.034103
0.557684,4.888294
1.739800,2.074766
-1.915073,-1.276109
2.704517,0.540043
1.478588,2.483302
3.000190,-0.247137
4.123680,-0.490429
-0.383710,-2.949734
-1.450039,-1.992751
-0.726769,-2.603599
2.986214,-0.185056
-0.481619,-2.756440
-0.325776,-0.761204
-0.588561,3.170787
2.759292,0.702580
2.602734,-0.138660
1.869657,2.334655
0.515676,2.163175
-0.722026,-2.454390
1.769787,1.084195
-0.684422,-1.983590
0.145337,4.219949
-0.597644,4.123653
0.319022,-0.738945
0.296904,2.845187
-1.054224,-0.567069
4.936146,-0.633267
1.383505,3.046822
4.858642,-0.924771
-1.464342,-1.550382
-0.214571,-2.345628
0.593812,4.089696
-0.940623,3.250800
-0.859755,2.504013
-2.697610,5.744171
2.658437,2.496863
0.142998,3.561488
5.412063,2.683307
-1.970774,-2.056544
4.975968,-0.049402
2.153141,1.686150
3.698841,-0.042209
-0.739386,-1.498430
0.381045,2.046421
-2.328003,-1.312746
0.268276,2.429201
0.570993,2.996671
5.687713,0.501793
-1.943784,-1.980441
-0.036196,-2.756726
3.139290,0.121802
-0.278413,1.667388
0.505565,2.883313
0.517258,-1.426443
1.969412,2.589056
2.537477,2.515410
-0.829196,2.760638
2.272088,0.157606
1.451544,2.532768
3.795216,-0.631550
0.176210,-1.008851
0.542822,2.960139
6.326200,0.176012
3.514021,0.068307
4.122553,-0.673026
5.862296,0.514047
5.352713,0.752760
0.380466,-1.544954
-0.554479,4.073103
-1.675966,-1.110895
-0.865626,-0.637759
-2.011599,-1.935914
2.633423,2.525776
1.576469,0.251584
0.629381,2.655864
-1.701935,-2.855319
5.111356,-0.355464
3.422902,-0.829441
-0.275144,2.936764
0.154528,3.099166
-2.116176,-2.540451
1.798207,2.407846
0.198066,3.848901
3.747464,0.488972
0.008121,3.228642
2.123857,1.004945
4.783587,0.247482
1.131299,1.871944
-1.361668,-2.507458
-0.939938,1.331672
5.631010,-0.001403
0.142148,3.148348
-2.828692,-2.018687
0.237539,2.207772
2.243549,2.662328
1.883843,-0.034041
3.235228,-0.102848
0.012512,-1.110257
-0.245806,3.312093
0.412848,4.133557
2.779998,0.645783
-0.064509,-0.707616
-0.721113,-0.370143
2.556693,2.679571
3.149533,-0.330663
2.065790,2.578790
-0.103113,3.982298
-0.386197,3.956470
5.031817,-0.378395
4.482539,-0.759863
3.676415,-0.288086
-0.751538,-1.117958
-0.637285,-1.403449
0.544782,2.546675
-1.469900,-1.819448
2.198935,1.227285
4.228107,-0.187603
-0.520697,-1.256505
-2.057529,-2.333048
5.626884,0.524223
-0.796644,3.528946
0.777322,1.671713
2.956433,2.310635
1.519427,1.970821
4.940892,-0.654555
-1.893586,-2.492524
3.202396,-0.627335
3.886814,0.221374
6.803587,-0.558589
1.322226,-0.226469
4.477123,-1.085665
2.297961,0.240923
-0.201075,2.106318
-0.005530,-1.056608
2.208319,-2.115257
1.299399,-2.603763
0.611367,3.719088
-0.269982,3.475004
5.789507,-0.594668
-2.527772,-2.625575
0.406634,2.913015
-0.144445,3.285346
4.742256,-3.192647
-0.870958,-1.743221
3.141442,1.013872
-0.253376,3.765318
3.055331,0.682041
4.522388,-0.034501
4.386922,-0.238508
0.987400,1.283399
2.253120,1.992306
3.710495,-0.357359
0.732707,3.949939
4.876222,0.713561
4.659981,0.715160
0.112182,3.151371
2.595628,2.123180
-1.894810,0.135668
2.290520,1.944797
-0.586903,1.658895
-0.133534,2.693509
0.483115,2.854492
-2.690512,-2.904352
-1.629809,-0.315465
1.799457,0.211108
1.826324,1.858224
-2.523916,-0.897890
4.485989,-0.188746
0.270628,-0.233401
-1.140144,-0.915823
-0.105855,-1.171528
2.141151,-0.123690
0.024561,-2.569873
-0.774208,-1.040232
0.286754,0.239402
5.070480,0.059999
0.794652,3.058880
4.419569,-0.579439
2.652754,2.780803
-0.360094,-1.555435
-1.462876,-1.781000
-1.032653,-1.604068
-2.205433,-1.889493
4.543930,-0.594867
2.109940,1.125282
0.069828,0.049941
0.122947,-1.935930
-0.764403,-2.127946
0.940586,0.381929
2.215034,0.522444
-1.708172,-2.233512
-0.155581,3.213197
-0.010921,2.110697
-2.103858,-0.641371
-0.675990,3.142599
-1.124507,-1.692314
-0.235985,3.150910
0.638781,3.202806
5.467776,0.407409
-1.041543,-2.469176
-0.699309,-0.333066
1.235535,1.065928
1.882490,1.570598
4.325400,0.144270
2.097622,-0.120242
-2.229350,-0.509416
5.844145,-0.338274
2.537000,2.187148
2.412565,1.800543
2.158360,0.358462
-0.373299,-3.228022
1.242826,1.011435
0.166649,-0.476677
2.555124,0.014590
-0.493064,-0.092927
-0.546102,3.869309
2.024548,0.701289
0.971712,2.894267
-0.502392,-2.215004
-0.798145,-2.059072
-0.770213,3.395695
0.348420,0.093571
0.203784,3.043255
-1.936298,-0.232660
2.668582,-0.025066
-0.101815,1.971964
2.873833,-0.202897
-1.629571,-1.468148
-0.665273,4.122778
-0.814807,-1.892837
3.596065,0.094423
-0.430252,2.826848
2.839068,2.031528
-0.709784,-0.050644
5.612846,0.083255
-0.623274,2.743507
2.221011,2.300032
0.020714,-2.725991
0.353050,3.157623
3.881076,-0.630832
-0.606851,2.278220
0.014204,2.758256
2.896347,1.935659
2.058656,1.389893
2.459370,-0.520274
2.205627,2.183752
1.014831,-0.982281
-0.051817,4.360559
0.410337,2.616040
0.975803,-1.728307
0.103051,2.755499
3.136909,-0.310691
6.099973,0.016929
-2.314497,-0.959237
0.280034,2.782820
-0.771571,-1.398218
2.515674,2.551163
4.848064,0.127652
2.110133,0.981874
-0.077115,2.438826
2.272151,-0.779664
4.033166,-0.743171
4.990070,-0.138941
-0.887078,-0.556930
1.350337,0.734219
1.746839,1.203862
2.781687,0.333611
-0.415271,2.574805
1.666035,2.132670
0.269366,3.508528
2.792210,2.438891
0.674773,5.473198
2.364707,3.001838
2.097369,-0.080988
2.712039,1.439623
4.523987,-3.760296
0.941482,1.263863
3.762894,-0.826894
0.326973,-0.498036
2.078208,0.928170
2.242616,2.086283
-2.233529,4.743343
-1.323914,-0.229424
0.075846,3.058818
1.462495,1.204574
5.219158,0.426572
-0.432581,3.114773
2.967461,0.028188
3.821286,-0.125204
0.682781,-1.389132
-2.104932,-2.960803
2.447175,1.953025
-0.602274,4.126003
2.078648,2.036779
2.205344,1.713294
-0.894846,3.285406
4.805828,0.148303
1.807294,1.930042
-3.930679,-2.873359
2.155176,1.017195
-0.264170,2.137845
0.290245,3.000055
4.844142,0.234218
5.397396,0.117469
-1.699625,-1.464363
1.499811,0.788183
2.874180,1.035120
-1.511107,-1.267845
0.312485,3.034551
1.488202,0.698663
3.566799,-0.508866
-0.562790,2.309431
3.715902,-0.344221
0.462297,4.384011
1.887211,1.417599
1.212762,0.884744
2.096898,2.311879
1.728790,1.580385
-0.547026,-1.413704
-0.205558,2.204095
0.107636,-2.076961
5.707027,-0.230635
-0.332958,3.019910
1.322983,1.255174
-0.401993,-0.777238
5.998614,0.473854
-0.838696,0.157777
2.908341,0.957854
-0.130147,-2.103048
3.513138,0.047022
-0.416603,-1.672547
-1.268173,3.278692
2.430167,0.079676
0.441294,2.445392
1.026409,3.152361
-0.217675,2.938729
0.151240,3.192396
0.448815,3.505269
2.415002,0.671789
-0.305742,2.526096
-1.177525,-1.759275
3.777349,0.146783
0.303881,2.280420
-1.096767,4.022681
-0.295739,2.628887
0.368581,-1.440494
1.833948,0.831529
1.145026,0.777793
-2.056010,-1.050409
0.239688,3.418162
5.698863,-0.346683
5.627230,0.525373
3.547699,-1.198913
4.283400,-0.062052
2.804985,0.215596
2.141418,1.874130
0.422885,2.547637
-1.245738,-0.404278
5.690897,0.468988
-2.947817,-2.927983
1.383375,1.954496
2.285369,0.557566
-1.597768,-0.490866
-0.425612,3.239432
-0.528952,2.685290
3.180258,-0.030508
-0.704627,-1.380898
-0.519913,-1.542095
5.586214,0.589247
0.174012,3.488065
-2.018206,-1.475875
1.769567,1.512948
0.231966,2.315616
-0.442604,3.914863
0.949906,-0.231022
-0.557527,-1.977629
0.150905,2.295148
-1.093865,2.430040
-2.189863,-2.620141
5.827516,0.314258
-0.772696,3.845029
0.546200,2.810089
-0.997527,-2.416318
-0.316100,2.341084
-1.486322,-1.477117
4.993438,0.000441
3.618570,-0.910663
-0.846417,3.998241
1.465753,2.122138
2.189833,0.708947
-0.248130,2.639037
0.692887,2.238195
-1.051520,-1.028619
-1.609475,-0.178406
4.380424,-1.547062
2.413673,3.027885
3.116664,0.487934
3.714482,-0.505136
5.026962,0.905803
0.043926,2.813201
-0.643200,2.876077
2.317378,3.019981
2.147705,2.065032
2.355225,1.468282
5.378951,-0.821909
3.397522,1.603400
3.728297,-0.810743
4.788075,-0.943312
2.551475,1.035652
-0.120161,3.219423
1.893591,1.389253
-1.530191,-1.881197
1.894011,2.234103
0.844498,1.866019
-0.124639,-1.749935
1.449978,-0.367268
-1.578685,-1.703835
1.833193,2.668909
-0.673175,3.414397
0.432500,2.530987
-0.344170,3.114733
-0.660126,2.807229
4.624933,-0.520299
4.470847,0.067632
5.020176,-0.225831
-5.035486,-2.146563
1.917030,0.099595
-0.558540,2.418427
6.599379,-2.366083
-0.064016,3.205721
-0.415838,3.378726
0.346001,2.451900
0.083096,3.119102
2.422518,0.094268
2.681314,-0.191435
-1.626048,-1.093401
1.311135,2.099911
-0.533901,3.269029
4.637849,0.897509
-2.905916,-1.202447
2.215857,-1.156029
-0.637648,-1.499757
2.076997,2.330648
4.350182,-0.482364
2.493710,1.157012
-1.666172,-3.019645
-1.400019,-3.762012
-1.653345,-1.777353
4.147593,-0.509529
4.144017,-0.561385
-1.138301,0.014391
2.547592,-0.566348
4.450796,-0.848070
-2.531682,-1.285453
-1.905568,-1.775337
-1.444121,-1.302234
-2.742104,-1.836329
0.084678,2.563759
0.545018,4.050536
-0.300529,4.193994
0.337323,-1.621412
-0.947151,3.205143
0.605522,2.615783
4.921160,-1.355805
0.733832,3.651793
0.187928,2.048763
1.770436,1.023277
-0.229900,-0.240961
-1.500667,-1.681159
3.413042,0.022201
4.683891,-0.353964
3.291105,-0.285607
2.507148,0.606641
-0.627326,1.510662
-1.100384,-1.506824
0.250218,3.384089
-0.178842,1.604262
3.620282,-0.632753
-0.277714,3.282598
-0.182307,-2.256310
2.928602,-0.670727
-0.617514,3.171416
4.594438,0.039665
-1.213457,-2.522784
-0.318485,-1.333675
-0.147755,-2.434404
1.870738,2.765887
-0.074066,3.349775
-0.885233,-2.540349
-1.305891,-1.133774
2.490572,2.665768
-1.006386,-1.358370
0.323154,2.358543
5.659622,-3.599050
5.837922,0.474854
2.711753,2.584229
2.935283,2.488563
-0.784102,-2.207707
0.478008,-0.884300
0.487793,2.732897
0.185787,2.904106
1.586416,1.889900
-2.690375,-2.336090
0.388302,-0.906415
3.212724,-1.157542
-0.754764,-0.633628
-0.005281,-1.208823
0.116529,2.002990
0.193844,-0.160648
-0.207786,3.783805
2.907404,0.376655
-0.758440,-1.835869
1.236652,-1.006938
0.263524,-1.839279
5.550369,0.215290
-2.558474,-1.774954
2.153128,2.444797
3.142985,-0.336320
-1.600018,-0.507786
0.042920,2.750928
4.486577,0.397190
0.061093,-1.442425
4.795382,-0.340280
-1.629120,-2.117029
0.289947,3.550280
-1.161852,-2.260875
-0.528412,4.183420
5.647697,-0.044506
4.166268,-0.024295
-0.397863,1.978174
-1.088544,2.545695
0.508440,-0.536214
1.423598,0.982992
2.654146,0.211848
0.951147,2.782603
2.993581,0.304197
-2.237605,-2.529410
-1.153952,-2.079653
0.046884,2.846047
0.119103,0.617272
-0.100444,3.418560
-1.004362,-0.471546
-2.158601,-0.734554
3.629025,-0.110612
-0.682242,-2.020387
4.152803,-0.087937
0.285050,-1.389171
4.361913,-0.667875
-0.565102,-1.372469
-0.469102,-1.516737
2.694367,0.053671
0.479385,3.295373
-0.599543,-3.086686
-1.536220,-1.359771
-1.415203,-0.853518
0.920608,-1.005800
2.810598,-0.123076
-0.124348,2.238482
2.025421,1.624458
5.029331,-0.060727
4.376967,0.513419
0.566429,4.636358
3.742149,-0.780166
-0.681799,-1.056165
-0.475392,-1.847170
-0.803568,0.392542
5.008925,-0.812354
0.105789,1.857477
0.092577,2.840569
3.760743,0.608748
-0.779960,-0.651583
0.539543,-1.113669
2.453501,1.225669
2.742191,1.100748
-0.699493,-0.862195
2.093291,2.211895
3.116891,-0.060328
4.042129,-0.584749
2.631615,0.242666
2.091237,2.071991
-1.581435,-1.903526
2.679326,-3.031899
2.290812,2.364843
5.750119,-0.654934
-1.262111,-0.554982
4.761433,-0.722201
1.297875,3.643230
3.946035,-0.897406
4.206599,-0.621878
-1.896988,-1.823996
3.764408,-0.577924
-1.470041,-1.181853
-1.722898,-1.307749
-0.471397,3.197838
-0.736637,3.222011
0.400387,2.787012
-0.648336,-1.038806
-1.140832,-1.850515
2.044154,2.819113
-0.830659,3.694507
2.459736,2.662783
-0.563863,-0.716673
3.128140,2.092714
5.768367,0.133884
-0.705965,-3.188608
-0.535913,2.899571
2.921542,-0.078227
-0.956024,3.538192
1.666039,1.706130
-0.106459,-1.971196
-1.385830,3.761311
2.664028,-0.123511
1.901367,0.636757
-0.032452,2.893762
0.316532,3.658265
1.560688,1.871543
-0.231572,3.602835
3.301142,-0.543077
-0.305112,3.101029
-1.544694,-1.147457
3.028840,0.530365
-1.148319,-1.107396
2.935008,-0.005218
3.114955,0.368800
4.913485,0.259185
5.091946,-0.517063
0.380042,-1.431228
-2.589627,-2.097120
-0.026496,3.959367
-0.226671,2.287089
-0.637073,-2.107402
1.149154,2.209236
1.677647,2.000008
-2.801482,-1.473533
4.906051,-1.709687
-0.684721,-1.147794
0.006319,-2.232270
-0.830027,-1.957371
5.220517,0.520000
0.103995,3.175723
-2.887832,1.222509
-2.503846,-1.339603
-0.034959,3.021308
-0.901399,-1.415850
5.406913,0.334267
0.282375,2.836215
-1.232216,-1.110784
-0.324542,3.750953
3.051013,1.476178
1.216733,0.832768
0.616311,-1.302060
5.988776,0.144154
-1.222164,-0.209033
-0.777296,3.306500
2.210107,0.943838
-1.783644,-2.282940
-0.610282,-1.366645
-0.576334,-1.128191
1.961480,0.711039
4.429083,0.301369
-1.026240,-0.962034
-2.370430,-2.251164
2.795772,2.302151
-0.697877,-0.151429
2.173484,1.726294
3.173669,-0.448873
4.125454,-0.035626
3.262541,-0.702069
-0.620292,-2.884740
-0.648210,2.276933
4.610847,0.571992
4.627121,-0.238371
4.920592,-1.856736
-3.440526,-1.806668
0.259853,3.774243
3.923151,-0.413583
0.571609,4.120383
1.392071,3.595337
-0.771380,-1.706720
0.511247,-2.801310
5.214885,2.516695
4.932560,-0.263423
-0.228887,2.968333
6.619575,2.901268
0.595682,1.124083
4.710244,0.470309
5.627265,0.649751
-1.122758,2.932733
