X0,X1
3.72887503097375,3.21103233904142
4.49351105745744,1.95148449209647
-5.60748323456123,-3.8153661414677
3.79120856631832,2.52557397840633
-4.7563507452843,-5.42225370959767
-5.51519106219855,-2.63312573255548
1.29214892166443,3.86785427335485
-5.77872024890428,-2.50395568851082
0.464279662539366,1.23290799147797
3.60307472149024,1.69822709735321
-3.75503342889128,-4.50694317537113
-1.39248277108575,1.44886788381709
1.83786797633631,1.4721824625061
0.035590518436323,2.96694016653288
1.07736929777214,-1.37055987962465
3.12534691405521,3.27425870314007
-0.107879895333085,-0.6220215267396
0.301982903261628,-0.21770807683144
2.78890381538628,5.62201973701647
-3.38583329995657,-3.2424922899527
-2.9624600557421,-4.51001639885475
-4.87561825338476,-5.38279973096434
-4.64657288424253,-5.0815480036144
5.0887698559186,1.77314209239599
1.05863208439085,1.04871002944466
-3.95442816009619,-4.65160034760582
-2.41398318385465,-5.23781549882685
4.08053808080784,2.35831776761071
2.40078317698876,2.35390298994006
2.83690099881244,2.46251422203678
1.09874078713051,2.27857645007842
4.43473390958638,4.07789734430086
-4.44004448669698,-3.86925942271391
2.29577845297009,1.95612634080727
-3.17682941603809,-3.9266820328116
1.09218626927231,-0.539590669026283
-4.45006547147924,-3.3771500676525
0.566840601017104,2.3911957640371
3.11632012788366,1.86075899240571
-5.70338243935515,-4.05554769889662
3.96524043463042,3.19851724416234
0.77765480934675,0.844215160319889
4.26540439299233,2.24881158741776
0.885645361135657,1.33482583092441
-3.52102017425361,-3.66633789471305
-4.99053632513069,-4.56629772960277
0.218298395662662,0.419336999134814
1.85315196184419,1.53311597378325
2.58087287876119,1.23711952563088
1.86600647685188,-0.354862125460675
-2.52210595525848,-4.51827021827365
-4.0771017094141,-3.65884802518336
1.70878579683077,2.33044429669949
0.892317166855328,2.72814065853937
-3.25270639487674,-3.38962973456653
2.55232293564694,4.5340612485169
2.98447610840393,2.4709652723309
0.775754027006369,0.47232273007099
1.29256085652544,0.323105643115926
1.19974264985567,1.59094151680978
0.614037938539141,3.49209758027301
1.72777812354383,3.61340815369748
-0.683126326159632,3.09949209182433
-3.37588018294784,-3.37165449073572
-4.15178509503558,-3.41168279351542
-3.97548982574106,-3.50200170875455
-3.63340175390315,-4.93987978632736
-3.63860439449159,-2.46196343353403
1.26869696087759,2.63696851596861
3.24298511320624,4.96899456365404
0.787663327007141,0.042043306553856
2.19552018333657,0.407492100206425
3.64376396069589,2.84454899824219
3.34985730790787,2.7798593575162
-4.34271451652677,-4.80227726922162
2.86060059137689,-0.198024848886549
-4.71530370925997,-3.32040225106532
1.30723568117665,2.17922918073462
2.37123742719493,3.03726031097233
2.65165549545569,4.82671479886994
3.2159643952572,-0.284101719591383
-3.80191523923214,-4.14436041192394
-2.85717718548498,-3.24806696731323
0.819933295560968,1.15069174416585
0.799458303619775,1.17605642371999
3.80294358992722,2.61757978416507
-5.44808434149732,-5.40746377437656
0.250217706765185,1.031309260253
-3.63836397495237,-4.64511975460512
2.29441700011755,0.953789836599151
-5.66940528112137,-3.45663980762006
2.33506178244677,3.64344945664353
-5.06230371372611,-3.52640756936482
-0.867898278391701,0.486261806840905
-3.26153342000459,-3.82863171881003
-0.201944011873899,0.662679648536854
-3.62885412662869,-4.60398518671582
-5.69246462971482,-2.47044968053939
1.23045893978804,0.629060242956998
-2.55872671093388,-5.43586215117944
1.03398205135655,1.03570736739489
-4.11453984525262,-2.76218368802654
1.528017340064,0.397534930776867
3.76726817087926,2.76788669695499
4.05639345587333,2.47255832524134
0.372361038151742,4.01430580085679
2.24917209125677,1.47937545494884
0.915801146249624,-0.99315312021919
-3.92843376278061,-4.47765744676512
-4.69972550799259,-3.78602008926578
0.793827199909787,4.30160038234658
1.11534493232918,0.445269653553949
3.9228449855956,3.36274397279808
-3.55618057185377,-3.22536594657066
5.67321201642044,0.696435605925816
2.30784064532003,3.30560809174056
2.22708451841157,3.92770288760713
1.06494032555778,3.03352320186417
-1.20904907759797,-0.535492360082842
-3.66150359250559,-4.4152879139008
0.329293783274094,1.45265425007742
-2.53435123107845,-4.22577630048654
1.39705627865735,2.00023475393071
2.37851884044652,-1.08765653453372
0.234712018898421,0.362803653997819
-3.17745508789681,-5.22084364997102
0.561841820913389,3.89768722534861
2.30307467899789,1.56963787945594
1.15372529789295,0.182738011030143
-4.25256815139316,-5.24778318196485
-3.49908281237562,-4.97755524479855
3.43403329139997,1.83857714040576
-4.20812225035728,-4.49300093465883
3.63946496252959,0.718122437860116
0.127435389010158,0.702977637338194
0.337332346862834,1.75951818130661
-5.91877121529904,-4.02651387544922
1.70071382239116,0.568849491055529
2.72749793991849,3.70125531108057
-4.03582603910995,-2.43535634418599
1.22512776622374,3.01396851664918
4.33416211169504,3.10940290754755
-3.67728143966191,-4.82723094355232
2.00877225878647,0.216851224837131
2.10883242304828,0.778117436268413
-3.0459982365068,-3.3486087486942
3.05196657152694,1.68674155629747
-4.10703035995456,-5.03524232241937
2.88300941250302,4.10854053522777
3.50604964573687,0.832492446213792
-4.66178646476839,-3.14756666520378
4.98889920369997,1.39673849009629
2.65859078924503,1.77845186510757
-4.92693047157808,-4.0595253560618
-4.68002472157849,-3.767746302839
-1.93925207511801,-2.2446591575568
-3.89060520539511,-3.27423337610131
-5.59442765879437,-4.59937502295377
1.59283622353929,1.31280851898869
4.76150356712153,4.35189223392663
-4.65183610780216,-3.95260132868359
-2.35503228649872,-4.24903603955638
-3.52676237542645,-4.07282891265687
0.43875855842573,1.41580465807686
2.96011783876131,-0.375614471622426
2.11713527720006,1.54476897183581
3.35134218056685,1.97741635531619
-6.03812453517785,-5.0080863109174
3.26166576227412,3.83163981034747
-3.20896805295695,-4.90938745479474
0.615583230166816,1.5089991356823
-4.07201012158033,-2.99646710210798
1.34700237268938,3.94636016789307
1.71510918024709,0.303240523772252
-4.4853635478291,-3.91812586061368
2.88780125702174,2.3228768964416
-0.631827369175903,1.89550427923266
1.5155418629591,1.24922522459573
-0.297275993119877,1.73912272833312
0.980292524712698,2.4260719281377
0.378866441156594,1.26854554196668
3.8512603009266,2.43832753169382
2.75583595388523,1.59763680191342
1.46629432543716,3.99159942091935
-5.62754243788316,-3.95191505333862
-4.7925207384327,-4.1147364414669
-0.553617770865087,2.39299214485422
-3.98158162081045,-2.32356268772472
-5.07089249806111,-3.51752758475681
1.71688008381983,1.84140729077308
-4.00797264131662,-2.52005586110997
2.58406259573582,3.89425396312983
0.309234608514671,1.14641177757443
2.94074477608161,4.70582041215415
1.73022208573246,3.01830705360873
0.249324758188565,1.47496424012489
1.30083732124611,1.89427009452614
-0.613340613241132,-0.102382335781038
-0.189670819347568,-1.58406813632446
0.495775819484971,0.661858469367391
-1.87784380298737,-2.96753473944885
1.78024141355039,0.88098896346474
-5.0060173814997,-5.21418861278773
2.34575498627328,0.241781145402833
1.77126731184105,2.59498303615892
4.57901799938211,5.17756017543116
2.85850349003882,1.59785073988578
2.43405595470981,-0.82782428574053
-3.71900813226497,-4.62269951982059
-0.062809056774435,6.26529824039199
-3.689092434402,-2.52464378305045
-5.87079192102586,-4.35151348404131
1.23501430611722,-0.174047333138038
2.29945394345631,2.83909594058596
-3.42910948930683,-2.8644343598194
-3.90292245065196,-3.03135500946711
-4.57677133056833,-3.24460877417424
-6.06744210003988,-4.08912003951279
1.47906774712634,1.77663512764329
2.40443033050514,3.04284615549968
3.9248632618777,5.60747637042234
1.63981321527663,0.260156059512328
-1.99928685784829,3.74913108710889
-0.171047903572799,2.26437015592941
3.2954575224009,3.90816862898239
0.743868554883751,2.78887136421994
2.21328148099637,2.05981070582237
0.314585212260644,1.68709933762739
2.89837639668282,2.72859961573488
1.21343318561727,-1.00562058019353
1.64381181228448,-0.078161578149245
-2.69452119284567,-3.97899615836724
-3.9134102125271,-4.15567723539208
-4.65064256912183,-4.4871253837647
2.95252047268262,2.46488462357803
2.30431964326748,1.60611682623226
1.77326135231576,4.69121165625632
-4.23894804686641,-4.9075636620416
1.68372073627864,1.53725027202078
-3.18713788116104,-3.37037115807639
2.15665494015389,3.65262760190962
-4.44429326007611,-3.62269950695515
0.711609522210238,0.550215030940483
1.04560417380184,1.14403759206191
2.73637346122448,1.23586573181389
-4.86041336528395,-4.38455554422983
1.65232018551332,0.555262801496673
2.99856933335509,2.21724407802176
-4.89841467134836,-3.50808082849349
2.69268877725984,2.5036552241841
1.73532868607508,-0.264098675808387
-2.11797550352497,-2.65457995384502
3.07305180412085,1.52358840360884
1.71370520999834,2.02409867053637
1.57254679861167,2.98846274454944
0.247639530654679,3.17493826959631
-0.204968920102481,0.078642921875046
2.66906349629344,0.377872761324578
-5.53411417073562,-2.72232317810149
1.55812202430131,3.27793652061263
0.866528726381559,-0.084689169757748
-4.31526924464035,-3.24103077950673
-0.689014033661386,0.06661997489095
1.45832254267786,1.51604997662928
-5.32818604889843,-3.80313876413088
3.33566493694806,3.64636625028461
-3.17059441881651,-6.21113530900789
1.82539836810604,2.24893375150657
2.46723455258808,1.38007844911216
-4.25497721742086,-2.49600701141731
2.28342410369125,6.33172908141383
0.174219585786732,3.70292296641317
0.958378135135863,1.28105767904382
-2.18116377007161,2.30980822230695
-3.66768598802041,-4.74848653655655
-3.82681907414882,-3.61468262027116
0.689149425015156,0.764380181098026
-3.77254006539587,-2.69285724571757
4.43466475390651,3.57620717903864
3.386572577065,3.23844098081566
-2.37138445442871,-5.38010145821489
2.19761213183158,-2.47550645383243
1.74617195466064,-0.884269663868548
2.97041819216364,2.21178050721116
-4.46341769281246,-4.46572975357026
1.60903529716234,0.915972986535153
0.465396974319074,2.74406137254124
4.09383297021887,3.16747601128079
-2.5972056890639,-5.40185106279228
1.82290288161113,2.72146156383644
-0.867955008228684,1.72721194161477
2.47320279096795,-0.451569222429446
3.67023715573892,3.10131300392781
-4.83921752322264,-4.30921237585121
0.669212422515886,4.01510092411262
1.02212071967847,1.41709804643401
-4.26987493529337,-4.97876371578231
1.84153011071085,2.61141388136934
2.29822741769825,1.93349130676345
1.24370682078167,3.14398330303274
2.2282190813802,1.34867291593182
1.77734552756586,3.06252910729003
1.84930232254657,0.325039868926879
0.771181119083984,1.26091944781567
4.06208954727856,4.37381343607222
0.412672668978134,2.25299305248289
-5.32023320702064,-2.16854123414565
1.97633693136812,2.368468235289
2.02989022114741,1.3931077786018
2.88769512773924,2.19717579744845
0.614948617517801,1.14787903730823
3.9605902249906,4.32557926230694
1.9313927835149,2.48265727494607
1.41312123896486,1.71548039362142
-3.93976979005897,-1.53675788751471
1.03381738884295,0.989057204026956
-3.7859062558698,-5.24573877871199
-3.93019791500998,-4.38531359686176
1.71172150956206,0.628544272823212
2.52495244921049,1.62639647052504
1.45623742120716,1.73270289434059
2.92075611912827,3.0870245561772
-4.47193186578943,-2.91104940303263
3.94049668953331,1.71172686523433
2.30957214471312,1.73096574508861
-0.737616680499493,-1.6385671479441
1.37747355754649,3.80317853941004
2.85700624159607,3.15505320771463
1.09436222837931,-1.39784082143853
2.47669647293472,2.13618426059887
-3.75803772843397,-5.9132802446578
-1.42664019675014,-3.94078156598551
4.91606469703195,2.66384239729928
3.15554109760444,2.50770672377313
-3.35231146189931,-2.47697014359197
-4.82899501092207,-4.56018104019697
-4.8467937180684,-5.51484722468586
-3.64298451403495,-4.69290959526065
-3.98699810812209,-2.54646592284268
2.10197992720278,-0.884600724347812
-5.19130349720265,-3.34344639136617
-5.06762042938259,-4.14237948502129
-0.178984872245971,0.73044022000357
-5.28996089974105,-5.29507877206362
-0.921119191544762,-2.88042508856542
1.72774020121905,3.73595298109739
2.49530223099715,-1.48806827888978
1.6274025856426,0.311559995273705
1.64991187970744,0.683542728864607
2.58142661263288,3.52332841014666
0.710516730572404,1.42246647581716
1.20503852575353,0.779219996376785
4.06520829145378,0.505009614357191
1.06797990987653,1.63563130522808
1.76647626643502,-0.37160589527658
3.82115156199829,4.85001694506471
0.001173312274926,1.56569866766369
-2.99370719078556,-4.57689186952315
-3.76438544189143,-3.22913480611303
2.20472501424406,1.48810408562057
-3.70692752670132,-4.71435141802637
-4.80849360289319,-4.50175704358454
3.02432580369562,3.92877552974361
-5.51936996595401,-4.48423407286625
-1.03154817703446,0.8819924478463
1.12504132474225,0.924888246520573
2.14982647730135,0.624171029564012
1.7827874540961,-0.891670588381099
2.20157064857974,4.42881469122399
1.61849010784234,1.52769707558274
-6.12389572430981,-4.52575502168076
1.19084028374176,2.0070228544545
1.2805430941489,-0.867074775444353
4.57235662148009,2.02043657726248
3.02071322974944,0.449338884557272
-3.74950714965412,-3.65355179050302
-0.127202472582505,0.827094933134061
-3.41314290619973,-1.80954437419002
2.43412719926046,2.84266488982919
-0.225479380556856,1.85002773675922
0.278358827258544,1.38373832097104
-1.55424802038317,-3.87077881802477
2.12281407177695,2.52586611399299
-4.66262375894585,-3.42940133140684
-3.18648278263033,-5.23086431643396
-0.187553763884405,2.12892542558586
-3.74011720575158,-3.21817712822269
-0.743878751599084,3.31345038343709
-3.07382245246836,-2.09058335952987
0.249793036425106,2.6380312949769
0.11736406889228,2.48331181025253
-5.26088395433505,-3.08213805294522
-3.92419544180627,-4.67716171151211
1.12997306303979,2.26760864886434
-3.50328584698877,-4.13826430117118
0.694335551162797,3.41206715642752
1.81826978755157,3.21604879088324
1.76587709091366,2.45555584354191
1.7362215672765,-0.227351078238087
2.53840497887892,1.59589855558458
-3.65824402422284,-2.12382916078411
5.10513126099738,2.2889370250812
2.37912799154281,0.156188289848935
-4.97468167022732,-3.21291539625755
-3.36721813389371,-1.7293071421956
-5.41537074205041,-4.42064532276536
-4.26940683444456,-3.28245774420404
-4.83972184218078,-4.59939264544402
3.17310333752949,2.14542361836501
0.703387140975284,0.181618902402642
0.915401466329091,1.58380197259144
1.85760617685529,2.39136006123501
2.28052427067419,4.14985170297782
2.26611006357678,3.86052411624048
-4.02090159396415,-3.88267261669122
1.91338069385647,1.15645908005319
-4.39210815313216,-5.46351494813212
2.09959320964298,1.41578617107759
4.04770330489929,3.30781762152395
2.06205672454854,1.49294839919319
2.22822532971817,2.94083860817941
2.11278419338944,2.19900038025394
-5.01283112033442,-3.68575266740473
1.28101381722592,2.57401581981757
2.91340607586997,-0.016353617981994
1.72484298505056,1.5409695920197
-5.10633497400603,-5.19620662408067
-3.99475630028182,-3.95301940623526
0.252231368290283,0.333427457007694
-3.67307262623584,-4.21910052880886
3.14595529485956,3.78700880477176
0.894061541978494,4.09565120518518
2.5989277035214,0.750938200642083
2.71172986633267,2.05956659310001
-3.51899076826329,-3.77611597572087
-3.35462405041485,-2.63136844246765
2.38169424125889,2.52261954753382
-4.6017066122294,-2.14772181549106
3.41929633406163,3.97231986866117
2.71722587044445,0.943801662452984
1.22412011737249,0.093540481176013
-4.70205309387735,-4.32766214659777
1.59198148105707,1.22180334843385
4.07210144592255,0.88472812033042
-3.90232390145117,-4.77300978385547
-3.28838512191111,-5.12464209183787
1.7902531272074,3.41224544651962
0.379253859879553,2.6912169282227
2.33385281921947,1.03084211645276
1.09586436872877,0.337623474903976
1.41127041565325,1.54810386298454
-1.81019706678233,-4.80829828535515
1.19152110706858,4.19311885569552
-3.34563434364594,-4.05558467091046
-4.98960482025858,-4.12578692009965
2.64784576814138,3.16178245124856
1.9632137252095,4.03721963408214
1.84973041202631,2.1480427801535
0.951810459226788,-0.716930122541658
-3.42344303694423,-3.68874984545646
2.1811868781719,0.743213386929389
-6.61974510408975,-3.17809749562478
-0.425118102835415,1.37178485227243
3.69797307777755,1.98205562473834
1.92603845277801,-2.41825114475609
0.370575680464272,1.5872494734735
-4.01851313599239,-4.28865863892014
0.958013811403646,3.12496076276261
2.23184082115378,2.08081984465816
-4.24896414847907,-3.02842904904564
-4.15800789857899,-4.42688106994742
-4.24538811600287,-4.75373616435749
1.09819523025708,0.881332416170629
-5.37766936795709,-4.93782503991512
2.3391793999925,2.51762583367504
-3.02488026658225,-4.14705738150214
2.52906334800731,4.19466466649851
1.86565998190029,3.20363682250611
0.191811250907358,1.33479299466856
1.50689173522154,2.60337265965565
4.29122628275143,2.17465167874892
2.60608826355022,4.27303609726631
-5.03724615432646,-4.19033867808361
3.38421267651092,2.16240693145814
-4.82549719679251,-4.32138584165299
-5.01210437526017,-5.65485667186577
0.095242493359989,0.663189907759871
-4.59239392423887,-4.86399076967982
0.372732375377153,2.25881107100427
-4.78325329233624,-4.32206151620568
0.352288383628766,0.066034329517225
-4.48760622407249,-4.43255818781962
3.19555980785629,2.8909555798986
3.5963015514799,1.53618525918359
-3.48065348575883,-2.46726108699742
2.76962167090226,3.61910899824771
0.264653571418737,0.534758128076819
1.80818751912794,-0.609250750573892
0.124840227549055,3.39749230734104
-4.24574306408594,-4.27272356974767
-2.42078718449261,-3.23256527084709
-0.900683388182868,1.91249758737316
2.23449565169707,2.1678240401333
-4.46063877095979,-2.94287777378108
-0.501847309028533,2.73251752488791
1.23582540364176,1.85080450910621
-2.84188912649993,-3.20833730603706
-3.12767936327932,-3.81665799426165
2.28000962750698,2.40315470853481
-3.9082392234645,-5.98756891460089
-2.79878607783606,-4.40807537302155
-3.6055478576217,-4.42098448082026
1.48990330685737,-1.04310032508541
2.5684157498765,2.82231073463591
-3.16430788793486,-5.12970685465762
0.945296780373403,1.29200733918723
2.2594632583832,0.357717746127318
2.80407796212058,2.05283474869081
-3.31373980962549,-5.61271587118965
-4.58936475694421,-3.15039790297898
2.23498676479077,1.56711697889565
-3.61593455106069,-4.03269474809409
3.05971597892023,2.45723022124302
0.952533815372014,1.81780083684715
-3.17793984000551,-2.10320701734605
-7.24126734006907,-5.02438764133429
1.15956360897625,0.159855022072992
2.50690735068823,-0.073528762663405
1.87315545236438,1.06233506296876
0.056812647390461,-0.597479544269334
2.27542688199454,3.68287599481584
0.725306117471046,2.72003190373499
-4.77282521453757,-4.23681860674001
2.46831309164929,2.83619339058353
-3.12887529656831,-4.32602353216784
-4.88385743620113,-3.84627489405447
-3.72954317422016,-4.05023810944914
0.976434641287982,1.66298794530058
2.29246472809189,4.55405017617081
3.82849680314437,2.35554260325568
-4.7591326615537,-3.84960621352379
-3.48495231369395,-0.147268509345279
-4.21967188783751,-3.64288742848825
-3.94427508771131,-2.90580848152905
-3.36140754122263,-5.66152006226896
2.0440812768265,1.59481826556713
4.35053194308145,4.90731146579095
-4.19236096478112,-3.69845265766639
-3.93571998090454,-5.07774477792931
-6.69688664294157,-4.05429486651781
-2.8414044209926,-4.82068231835171
-3.37433265223499,-4.85715755641628
-4.73036663171714,-3.78354141041802
0.137911281316963,2.07390925233333
2.05335186871474,3.80649834364502
1.13707317839445,1.18036211375425
1.26656052596046,0.425501654003827
-4.26888869055483,-5.10652590874167
-2.73308885081338,-4.70766946561878
3.15722383221943,1.76901143352041
0.914078488703123,0.95533331618819
1.66006251882946,-0.162013345836362
3.66334864063208,3.01263323424602
-3.74027749827852,-4.90431662510441
2.84643235513583,2.81238620652547
2.64720437919375,4.44961415016347
1.21270836911223,2.78709623693338
1.39135962669054,-0.501336291662364
-3.45290261882996,-4.20219265243389
1.76391680375087,2.13703637621425
3.26566132172891,3.10101336993335
2.82295232949413,2.08816926940311
-3.58706854572438,-4.56372455280398
4.31613969189056,3.25697402146573
-3.95147837205517,-4.83095011641104
1.51816133989323,2.49595065110686
0.97077448928682,3.57072443033424
1.8791680926587,0.903140103869701
2.33882951023534,3.47296992779174
2.35486222167066,3.00343893268843
2.37466093775503,2.29741393217199
1.44642089589213,1.50774357515217
-4.88951442962552,-4.81581028496544
1.06728999232113,2.67153171371645
-2.54885639220496,-3.04072917391479
-3.91295293176183,-4.29900735046587
0.235135447232179,2.42681983732906
0.734842991404403,1.03226300679344
0.154787571348689,-0.690153555636271
0.901418585928917,2.34075499790575
-5.72491783251303,-4.56228752924097
1.84450666209702,2.97016480648306
1.85684386586314,3.46966935793737
3.00708686420524,1.50282281123925
-3.92263169235238,-4.86128420132826
2.86966064740492,2.03002171909385
-2.31285836492744,-3.11836024305055
-6.47164450012729,-4.79689525547048
4.78142882290361,2.42720702342246
-2.2345457597189,-3.59501828903904
3.93588580199739,2.30976451236764
2.23017282183031,1.71999690301185
1.16024908573874,0.817036196343347
0.812419043593799,2.40027331284557
-4.79047445544531,-3.528531642864
-3.79113640499524,-5.95967012387978
-0.335518922650206,1.28832315434808
1.15026940317749,0.484713350649697
0.34609709582926,1.47896333722249
-3.80094030442653,-4.6002168771588
-4.032753270216,-4.54342477113377
-0.310775317607095,0.620309860366238
0.797961120480362,0.387029425623069
1.24131885605796,2.26078527520913
3.65782195971695,4.43869938825788
2.17811858438991,0.610202339789653
-3.47019582208472,-2.5584313793421
-0.667486960116315,-0.97447849634827
2.48162818099241,3.19514979952131
1.41555776712385,2.88923113806592
-3.99488654335754,-4.23458713337515
-4.71284578267717,-3.8935697723081
1.6971127136081,3.74788562487529
-3.90300403500728,-3.40484297456309
1.68277969502233,2.95407594775425
1.98483733057929,1.66909482415137
0.995676953091318,-0.390037627031051
1.23558109702438,1.21863649410497
1.26934218227197,2.25651796313458
-4.22346278532585,-3.28599950590791
0.420176245240751,2.88878411594804
3.0238717649892,3.58472180930343
-5.30446950050485,-3.33032745116996
-3.13039407989434,-2.64436214119505
-0.186309328581101,-0.324307180658925
3.08167938075337,1.48437201401095
3.45218646466266,0.401761632114183
-0.911592480238003,1.52856968555248
-0.315530104274242,-0.728061059113153
1.75282076591866,2.73352894628469
4.46795743524567,3.39055298928627
1.22931888162388,1.05572385778738
1.30193747297405,2.86215027978336
-2.83221793834019,-3.74557915669879
-3.49501272101954,-3.13424480582988
3.28708093183571,2.73368343366253
-4.60063868991881,-4.29169374979328
-0.347266425874758,1.45889169542086
1.0245404866571,3.09603906788383
-2.47687592273034,-3.46108995631534
3.33634528541288,2.09941661229279
1.36936212267047,-1.05220207118795
1.12645060737515,-0.600830593901845
-4.46947438593495,-3.45743995641404
-5.60644632025757,-3.79653636413278
3.04706532649793,5.0980028138813
-3.31804702870504,-4.31026675659346
3.88409870228593,0.930857443559698
2.42736458670957,-0.473129378164391
2.74068303667713,3.87836481931446
-5.18325851266578,-6.0392321777601
3.3701149442176,3.11941394453795
1.72452722818744,4.63037307113141
-0.40908831232753,3.56085447563326
1.942960190381,1.51054907414196
2.18944472479948,4.41837660460566
-4.9194242342338,-2.45006559498246
0.563665345343373,0.931665251534719
4.96744855592839,1.17614996113398
2.28835809983173,-0.231818359293272
-4.06607979864732,-5.21101619976246
-0.332691014558994,3.10272453210835
-3.24301138335465,-4.92216532417763
3.49031304715032,0.172974618292519
2.00070658545868,1.55101609507412
-3.65638171043154,-5.76304015536273
-3.6759160306052,-4.38508228041632
0.338730719016713,1.84879144031917
-0.617822506526856,1.89191691282726
-5.71313452909088,-2.64612762583459
-0.160371371755055,0.942746372629624
-4.26465683323796,-1.27983083341038
0.64292379596801,2.65084817597394
0.969335114810266,2.40727482311124
2.3939644489536,2.05598676414145
-3.6623973379248,-4.41187696612247
4.43845082736333,2.11321543694639
-1.86696662534373,-5.9520877995225
3.53256818603169,1.80030707371727
1.34303846886989,1.40134814798443
0.646060386049567,2.49729048720848
-0.324039927408648,-1.58346871154298
0.60257115756144,3.57404597689134
1.67174853751725,2.29693687066555
1.92070777338156,1.35600567008955
1.14675700363874,1.65195763484367
0.691148155091986,-1.00230088865311
2.99178238831422,2.21049081445775
3.30708844144328,4.77985832187426
-4.47494531116096,-4.65332923257371
-2.13422548885524,-3.52616707908821
2.34249163948923,2.59222225955052
2.46012401122665,2.25025977127295
-4.06267909727317,-3.04485767949876
-0.002416463911709,3.57417895332807
1.12752855121521,2.63027164693183
0.457232416901108,-1.90865519195475
-3.04957616181395,-4.5769036556624
0.3310098579906,-0.643763575494893
-1.20344644772396,1.60958959229505
3.6437500544513,3.11570250411675
-4.9649234605801,-3.31394854000156
2.47754949226492,2.03377785629334
3.70069878165157,1.69525574910803
2.07423186403328,1.76220616201836
-4.51386691733669,-5.05921352188895
-4.57366200688024,-4.54685894124039
4.01884940903764,1.4605901821426
1.29926042045291,2.89294393571617
-3.72003137368018,-5.12548904729838
0.220866945920791,-0.468728320114708
-4.53025761837244,-4.79287283226234
0.992714906152128,2.00618892934197
4.17095836007719,2.19994418248126
1.62119082456295,0.129107424215841
0.251477247165034,3.29683762464014
3.0891699419659,3.38185334325978
2.63592449264532,0.77406642601916
1.92032673797987,2.67615161438266
2.45571723997502,1.17006029636789
-0.470918795602809,-0.757249856251784
-3.74244960927724,-4.07444591576617
-3.1874741776058,-2.64375997142918
-0.451633691409329,1.71991447599545
2.6792265239032,2.10956041949532
3.93595778397478,1.76826051481674
1.2132412011199,-0.602413230452121
-2.36758869606836,-5.43014137796063
-0.107203455216844,3.51690601258051
3.64036911036829,4.55273604709831
4.50388540522169,2.97360583578758
1.29960241047331,1.68670603537018
0.883448452564364,1.33406315378722
2.64349644209698,1.33231727094213
3.39051444641117,2.85915109648779
2.70215317152354,4.08111704272955
2.34083950434091,1.33056483439523
0.157609974631894,0.204518898938862
-3.48496473279134,-3.48621404908779
2.87862883508121,0.921099686712415
0.853718628482372,0.563726322547911
-4.21768120322722,-2.90122314801281
-6.02514258665761,-3.81354568523057
-4.55364930534718,-5.19787789258885
2.46817448890113,1.44175041852674
-0.139278666598332,4.15885847780487
1.43500938663748,1.97505003961191
1.32046031904311,2.06755695474812
-4.82222039556643,-3.75631278850809
0.581617438710569,0.580890754817885
1.08515225060824,3.92521526615388
-4.10876014845686,-3.59828827790106
-4.01349722473793,-5.0577109289559
1.05257376637493,0.823597598045814
1.94162745186394,2.37286197483504
1.75888928686663,2.16706533955208
0.859745561901494,2.23028151772878
-4.98150865104795,-3.53789652573673
-0.297267848489915,2.26378342399948
1.09609979714765,-0.946714655937979
-2.91694875682472,-2.9461979479651
3.14975527384575,3.41098619236318
2.58038886066985,3.11912706124492
1.18050268617229,1.43795320295947
1.91071430774412,1.33742970876325
1.76507515043147,2.93380423024732
-3.08459788229793,-3.67124889034032
3.90774956510397,2.94357063063771
1.32087077688628,1.38603736743522
-2.11381409878947,-3.82542218716816
-1.85605591067467,-3.36608097768199
-3.70387972293542,-3.73894472782011
0.47987416933486,1.53295592020457
2.77184841967107,2.65610962497694
4.97502990309177,1.21896050289487
3.20403256177033,1.93011561205297
-5.39856757381914,-3.43703076330943
3.50874403180546,3.15608028184166
1.25322096064314,0.883944265755529
-3.90034863491236,-4.5034756541162
0.960247632551444,3.15346943622135
0.464579880142264,-1.26744887713464
2.7332611618928,2.07620044862717
-3.10040012456675,-3.69270047912339
-2.15104390505465,-2.87343497045224
-2.96900047750405,-3.0687198808838
-4.23415337472334,-4.23413695694918
-3.42292787281946,-4.20304538604299
-4.76325915654252,-5.80488210066452
2.69182767039688,1.26678983088885
3.17861157475785,0.387084689013019
1.78520644714781,4.14932571180498
4.97380429196368,3.95003947671177
-4.47103830561832,-3.76795006264236
0.545046710815015,0.755703567877166
4.74795733146106,3.79605767885758
1.72947581165985,1.22393094778763
-4.01224677284691,-4.89725437148583
-3.98607070808705,-4.02412508711
2.10289177958532,0.651670546973618
3.16672535920414,2.6074968175063
2.13035885897711,3.43559263872321
-3.941791281554,-5.14297029783062
1.32589460463445,-0.532098290984371
3.36685762939333,2.05260021748988
-2.82070281593617,-3.93248151858989
2.83994544585537,2.18931403155511
1.77458101736929,3.59590566796655
-4.27505169715164,-6.30192116473559
-4.98572604633554,-3.49595348448216
1.94075619775811,0.586356319279846
1.01242314381206,-0.574203478820192
1.25005936953706,-1.45008184210915
-3.5865650967763,-2.12320418744193
3.46049143027322,3.40514959577629
2.32981938008502,-0.247887112550637
2.80091174876117,2.02026609053619
-4.77378919910357,-5.24465470331142
1.07155644390421,0.223675866753311
1.94245924324193,2.74139158704741
1.98837088455335,3.87813485103611
-3.8181337449415,-3.75177941369966
0.79004829196551,0.093105808608587
2.97962554210317,1.71837172744981
1.52847577609402,3.00887325335691
1.24622896717476,0.140372092748798
-0.492635882469542,0.168513762644911
3.01457980039669,3.33172672871577
1.24350762502156,-0.818892937996678
3.45993028233046,0.560427269876095
0.624944971736149,1.86513678718445
0.792847240071017,2.06039192498401
0.943695305344979,1.57244899266775
-3.64221263965172,-3.43921547363177
2.80448759379349,3.06123180611852
-4.53050114761053,-4.57581824064468
3.98593968572036,2.52552589208327
3.73905544520999,3.8520461641931
-4.71844422125244,-4.21344715171185
1.55465949771011,1.75498288209866
3.40400994532544,2.95739006185933
2.90618061215403,2.14551830783316
-2.49764294790397,-3.92590521958023
-0.082178481595166,1.6370160169091
2.06161413842547,2.72161636703789
2.1259405671712,0.380746326139151
0.94064354841708,1.80978339059992
3.31351104560712,1.91450631022516
0.707012037651222,2.15690460194603
1.04090016191107,0.07603212272963
-2.82055987927871,-4.4691756521047
-3.14234037679798,-4.15993852996343
3.21226806673703,-1.02846636159714
-3.88648265474875,-3.33786932547895
1.35385290478078,3.00831887871215
0.336232388492866,0.599036868393412
1.76053225711852,1.4965589169418
1.03449378752178,2.53414223512876
2.70460509758783,0.315104447500628
-0.564705361882346,3.62118389348713
-2.83683624784504,-3.98976693898041
-0.278136395690447,0.633730354774399
3.01324097689173,0.335694109950406
0.233245902772597,-0.587707752088998
1.20323298884329,-0.696457396285976
0.198291455628342,2.19045081944383
2.67840094864253,2.09549683465835
-3.17458365101197,-3.18649036399936
-0.046225878810314,1.77061361548668
-4.23093453020868,-3.30379363518658
0.910679885079944,1.74480651706081
2.177763222513,1.43056932950166
2.09826960147215,2.0156218441096
-3.72330920066998,-3.17281675096398
-0.466553370670334,1.85559811620687
-2.44884802447748,-3.88432536570714
-4.45936089954024,-4.84984436946479
4.07237049534353,4.17482057294795
-4.44651495206702,-3.14360120567653
3.45311761554619,0.994852692196901
-2.72233510421157,-4.59157138883583
3.1157269578113,2.1885439868993
-4.12791759148077,-4.95554044060043
4.03231891104835,0.362957472495615
1.21587298138417,2.67040274361352
2.32663111954958,2.42443636667246
2.86888803737092,3.47888465504716
1.38717623897131,2.78604277928174
3.92669604576957,3.34996461664128
3.78319544797803,1.47198140727325
-0.53651522299554,3.10575301838124
1.27097581080495,4.72491107960103
3.1166894195907,2.71549813832752
-0.536345027295595,2.15679493374387
1.66999229502607,1.09120646969489
-3.93247179531208,-5.42474818621346
0.333760567968162,3.25738848332871
2.37981510822406,2.25559149978764
-0.536365278405073,2.04694879393617
-4.03471176970524,-5.16867803761953
-3.8797043682881,-3.48556116594125
-3.90066769457077,-3.24861287662821
3.69525722296698,1.59184589371665
-3.66873656859644,-3.02445487287764
-4.11564828238824,-4.30110369558929
3.54555675694869,0.884824383703902
2.23821344736236,-0.782672447644366
1.01878135374409,1.78904288901653
3.11344311942998,4.14839025419555
3.7586777483431,0.564593727472409
-4.01901620790269,-5.00252936463781
-5.1509935774223,-3.62430198165433
2.59052036668191,0.577641025723398
-3.67583364751156,-4.13014305436769
0.26858535740886,0.775634436417465
1.36316255828684,0.094868979976771
1.38562865854033,1.50630490508234
0.630666118056399,1.26298039319673
0.188329237528876,3.16112851949298
-4.90802407552121,-5.41230370133529
-5.23695071087808,-5.32045661308428
1.98457861743684,1.60872883732876
2.23634014483821,1.28654699083182
-5.47852199036743,-4.71984420839471
-3.30985600828889,-4.40122047188584
0.588774887103581,0.55427096080505
-4.47917423784529,-4.18565897666382
2.87059961511876,4.54265793356229
-3.71022514310359,-1.92459920135456
-2.4068133733606,-4.51121567643119
2.85226951859996,0.872101834451914
-4.16128571166601,-3.59594914318546
0.478604527081221,0.628993451837633
0.565070870316241,-0.343603873551373
2.47435924678188,1.60334598502261
-0.655183073617433,0.122883952069697
2.03418781775053,2.70449946685058
-4.11232804969083,-4.22096959953322
2.70238560636007,3.03032877948329
-4.33578469929013,-2.33097847471061
3.55973173257659,2.40659536358464
0.923033984088409,1.39451489236418
-2.03527486708361,-3.96473644802827
1.80337186023433,3.20629408530473
0.153985773089909,0.933077106810753
-4.67692200030596,-3.38832371115913
2.93645352287038,1.54424116181678
2.12894910754016,1.5974123132913
1.64650719093564,-0.104808311695239
-2.94157551315041,-5.75873948642311
2.82055198121378,3.11047002787592
1.44240797064748,0.527993425207167
-3.16966418345575,-4.85608382590887
3.84893526398322,3.63703175454743
3.0831565637983,1.23749294015518
1.06763580189222,3.602985008332
-1.68534143332649,-5.86726519259175
-3.77590751818958,-3.9874075992182
-4.54438272452518,-3.88907741029013
-0.830630205109686,0.169710316142507
2.44781075981003,0.019677194815317
-4.25959135136361,-5.50314295311811
1.74793933049204,3.53487216685931
2.26319389563121,2.31847205961579
0.969967649505827,1.98131955904034
-0.030029336217456,1.84037185529079
1.83777022492906,5.5698391428019
-4.81822068323347,-1.90761272431454
0.266178636409662,-0.687993316217867
2.66824905882078,1.66937236762223
1.17315439781688,2.24209476365352
-5.55066343106613,-3.93143702519397
0.339633815385496,0.194051958474338
2.9217378490499,3.78418028597971
-5.20029640705578,-4.33450123584095
-3.03662387075568,-3.5872190730635
0.792313810859356,1.01869485709776
-4.52976020376704,-3.48673256688664
-5.47858624577984,-2.85624595679307
1.96806129857019,1.43823674316772
3.24588626782726,2.05646759674764
-1.84681754248844,-4.76734756288805
2.24664371340677,1.31538456741858
2.46698211393924,4.62670191600369
2.66112738221262,1.67669094406283
-1.49831528946047,3.03574764194805
-3.4780584343831,-3.70301532676681
0.954838357090182,2.32396225841983
1.33401191855046,0.844458202253283
2.89548657487685,0.372567967416078
