possession_pct,shots_on_target,pass_accuracy_pct,defensive_errors,distance_covered_km,xG,home_away,formation,result
46.85,12,68.53,0,86.2,1.506,1,2,1
72.78,11,92.12,7,93.74,0.235,1,0,1
62.94,6,63.98,1,91.23,1.032,0,0,1
56.94,12,69.89,5,92.14,3.349,1,1,1
37.02,10,72.28,4,112.25,3.342,0,1,1
37.02,0,72.58,1,99.04,1.298,1,1,0
32.61,5,79.52,0,98.99,0.247,1,2,1
68.98,14,92.72,1,107.82,0.709,0,2,1
57.05,14,64.63,5,89.63,1.434,1,2,1
61.86,2,59.86,1,99.62,3.322,0,2,1
30.93,10,62.9,4,97.9,0.58,1,1,0
73.65,9,90.48,3,102.91,2.696,0,2,1
67.46,6,80.83,5,114.99,0.47,1,2,1
39.56,9,66.44,0,108.08,3.436,1,2,1
38.18,1,87.64,4,96.94,1.397,1,2,0
38.25,13,89.45,1,109.83,2.736,0,0,1
43.69,1,88.86,1,90.12,1.265,0,1,0
53.61,12,91.76,3,85.91,2.234,0,1,1
49.44,3,65.09,0,91.13,0.753,1,2,0
43.11,0,85.2,0,95.21,0.596,0,0,0
57.53,2,73.42,2,100.32,3.289,0,1,1
36.28,12,88.68,0,103.45,3.22,0,1,1
43.15,8,84.14,3,112.32,3.117,0,2,1
46.49,6,86.06,6,100.3,2.226,0,2,0
50.52,14,81.25,2,100.04,2.848,0,1,1
65.33,6,62.1,2,86.51,0.335,0,1,1
38.99,12,76.8,1,86.05,1.238,0,0,1
53.14,12,94.39,1,101.53,1.167,0,1,1
56.66,10,92.5,0,98.15,2.261,0,1,1
32.09,3,56.73,2,110.18,1.31,1,2,0
57.34,1,61.59,7,89.82,0.605,1,1,0
37.67,14,60.27,1,85.75,2.128,0,2,1
32.93,13,84.04,3,98.47,2.869,1,1,1
72.7,3,87.71,7,92.12,1.399,1,1,0
73.45,5,63.54,1,86.49,0.55,0,1,1
66.38,10,75.23,5,106.74,0.769,0,0,1
43.71,10,88.63,5,88.35,0.907,0,2,1
34.4,2,84.31,1,103.25,1.12,1,0,0
60.79,0,76.69,2,93.43,2.286,0,1,0
49.81,13,78.61,6,90.2,2.143,1,0,1
35.49,11,75.33,6,96.39,2.467,0,2,0
52.28,7,66.9,2,109.04,1.333,1,1,1
31.55,11,77.6,4,96.76,2.902,1,0,1
70.92,12,82.56,6,107.52,0.794,0,0,1
41.65,4,89.93,5,88.76,1.695,0,2,0
59.81,14,80.45,3,108.18,2.823,1,0,1
44.03,4,85.44,2,92.11,0.713,1,2,0
53.4,10,61.4,0,105.32,0.474,0,1,1
54.6,3,73.46,5,101.97,3.105,0,1,0
38.32,5,55.37,3,112.87,1.266,1,0,0
73.63,2,64.87,3,96.62,2.425,0,1,1
64.88,8,84.06,2,86.98,0.186,1,1,0
72.28,4,94.67,3,85.57,2.446,0,0,1
70.27,2,58.97,2,109.81,1.175,0,1,0
56.91,10,71.06,6,100.74,0.29,0,0,0
71.48,0,87.0,1,108.26,2.173,1,2,1
33.98,9,63.16,5,92.03,0.919,0,2,0
38.82,11,77.2,4,95.35,1.415,1,2,1
32.04,5,84.32,1,85.9,0.374,0,0,0
44.64,14,79.64,5,113.84,0.6,1,0,1
47.49,1,62.52,2,105.04,1.113,1,1,0
42.21,12,69.22,5,113.0,0.405,0,1,0
67.29,2,86.35,6,92.96,3.197,1,1,1
46.05,0,77.17,2,103.34,0.121,1,1,0
42.64,8,55.21,1,105.35,1.745,1,1,0
54.42,7,85.44,0,94.53,0.519,1,0,1
36.34,11,56.41,0,110.44,1.146,0,0,1
66.1,1,84.83,7,113.41,3.249,0,2,0
33.35,14,63.1,7,111.55,0.65,0,2,0
74.41,11,93.32,5,107.17,3.384,1,2,1
64.75,10,69.72,0,93.32,0.8,1,2,1
38.94,7,68.08,2,93.45,2.621,0,0,1
30.25,11,60.96,3,113.9,1.959,0,0,0
66.7,13,67.22,2,85.31,3.107,1,0,1
61.81,8,90.07,3,106.48,1.984,0,1,1
62.81,0,94.85,1,106.19,1.918,0,1,1
64.71,12,69.73,4,103.68,0.765,1,2,1
33.33,4,72.94,3,114.7,0.665,0,1,0
46.13,7,83.88,0,94.36,3.216,1,0,1
35.21,14,90.45,2,95.2,1.215,0,2,1
68.84,10,78.72,1,87.37,1.365,1,2,1
58.05,13,70.66,0,98.28,2.683,1,1,1
44.89,1,71.5,1,92.83,1.252,1,2,1
32.86,3,82.82,4,95.3,3.337,1,1,0
43.99,6,55.13,6,110.04,2.609,1,1,0
44.63,2,79.78,2,113.06,2.131,0,2,0
62.83,12,69.22,5,90.57,3.095,0,1,1
58.69,11,86.77,2,96.18,0.269,0,1,1
69.92,4,58.72,7,112.86,0.974,1,1,0
51.25,7,78.53,4,86.85,1.681,0,1,0
35.38,11,74.24,2,87.77,0.872,1,2,1
62.1,9,80.69,7,89.88,2.629,1,0,1
64.24,2,57.59,5,102.86,3.225,0,0,0
55.26,3,78.2,3,89.51,1.541,1,1,1
64.69,13,77.46,1,114.04,1.263,0,1,1
52.22,14,77.43,5,98.4,3.369,1,1,1
53.52,8,79.14,0,100.05,1.612,1,0,1
49.24,13,82.06,4,92.4,1.763,0,1,1
31.14,13,87.2,3,99.13,1.296,1,2,1
34.86,6,65.79,0,104.86,3.192,0,2,1
31.41,0,88.0,0,107.54,2.034,1,2,1
58.64,13,74.93,4,107.62,2.691,0,0,1
44.15,11,58.08,3,102.34,2.86,1,1,1
52.89,3,57.34,6,112.13,1.262,0,1,0
70.84,3,68.37,0,109.52,1.575,0,1,1
41.22,8,86.4,0,107.71,2.985,1,0,1
48.47,5,83.31,3,86.67,1.335,0,0,0
64.0,8,86.54,2,85.21,2.799,1,0,1
40.3,11,75.69,0,91.37,3.299,1,0,1
33.46,14,72.61,1,104.91,2.219,0,2,1
43.04,5,60.9,3,97.34,2.622,0,0,0
37.25,5,68.13,0,97.07,2.837,0,0,1
71.84,4,72.36,4,111.54,2.973,0,0,1
66.37,4,58.54,5,111.87,1.443,0,1,0
58.5,1,63.82,1,112.28,0.274,1,1,0
69.22,7,78.93,7,94.42,1.466,0,1,0
66.17,7,84.43,7,105.73,2.391,1,2,1
38.4,10,94.93,5,93.15,1.631,0,2,1
70.17,12,92.32,7,90.72,2.646,0,0,1
54.27,0,80.7,5,90.54,1.314,0,1,0
66.33,7,71.85,0,95.26,2.258,1,2,1
70.32,4,80.45,1,97.9,0.734,0,1,1
44.31,1,86.43,1,109.93,2.648,1,2,1
34.95,13,59.73,2,88.6,1.955,1,2,1
40.26,1,71.4,5,107.05,0.794,1,0,0
49.22,13,88.59,1,100.94,1.092,0,0,1
66.81,14,70.35,2,93.64,2.645,1,2,1
68.73,14,77.87,3,99.78,1.741,0,0,1
30.31,5,78.51,2,94.0,0.835,1,2,1
52.98,10,62.38,4,102.88,3.389,0,2,1
48.78,12,69.49,6,98.02,2.531,1,1,1
39.99,8,68.38,0,89.93,3.354,0,0,1
35.39,0,56.05,3,88.5,1.552,0,0,0
45.19,11,55.97,6,101.4,1.715,0,0,1
72.43,5,88.27,6,112.07,3.153,1,1,0
44.54,8,65.92,3,95.32,1.885,1,1,1
53.35,7,75.72,4,106.99,2.505,0,1,1
61.64,10,66.95,2,104.76,0.957,1,0,1
46.36,5,92.63,0,112.95,1.619,1,0,1
73.73,2,65.37,2,109.63,0.52,1,0,1
73.31,7,72.19,1,102.0,0.8,1,1,1
41.33,8,89.91,2,104.71,0.103,1,1,1
52.38,0,88.68,7,111.95,0.234,1,2,0
43.54,11,62.44,3,96.99,3.423,1,1,1
42.82,8,87.11,0,94.8,0.924,0,2,1
31.66,13,73.33,2,85.32,2.355,0,0,1
57.43,14,74.32,0,109.8,2.953,1,1,1
52.62,5,60.34,0,109.03,1.972,0,0,1
32.32,5,58.22,1,88.13,0.621,0,0,0
42.54,11,84.12,1,102.31,2.576,0,0,1
70.87,3,74.86,3,98.92,2.141,1,0,1
40.78,0,72.47,4,88.56,2.586,1,1,0
36.52,9,84.18,7,114.42,2.717,1,0,1
52.03,7,85.62,6,91.44,3.416,1,2,1
74.35,1,61.36,0,87.02,2.05,1,1,1
40.89,11,79.41,4,102.85,1.262,0,0,1
60.25,0,60.41,6,107.17,2.305,1,1,0
64.27,1,85.06,6,85.97,0.333,0,2,0
40.69,0,81.28,7,104.76,3.151,1,0,0
62.77,0,93.26,3,100.97,0.506,0,2,1
46.55,8,57.76,6,88.1,1.215,1,0,0
58.45,12,57.28,7,90.18,2.874,1,2,1
58.51,13,66.29,6,102.04,2.131,1,0,1
54.11,0,65.47,0,93.89,1.438,1,1,1
34.06,12,64.88,0,113.15,1.71,1,0,1
67.59,3,91.25,5,109.56,3.005,1,1,1
44.44,9,64.98,4,114.51,1.256,0,0,0
38.39,5,65.88,2,92.79,3.057,1,0,1
31.83,6,85.38,7,114.09,0.4,0,2,0
56.59,1,72.99,1,97.94,2.741,1,2,1
60.49,5,86.07,7,95.43,2.982,0,2,0
30.75,6,57.61,2,86.51,0.718,0,0,0
53.04,9,74.5,4,86.58,1.563,0,0,0
40.19,13,56.34,1,105.76,0.663,0,0,1
59.03,9,57.51,2,98.74,2.502,0,1,1
37.85,1,91.26,5,91.8,1.92,0,1,0
61.09,14,60.57,1,103.42,2.26,1,0,1
47.4,1,76.3,0,92.59,0.768,0,2,0
72.15,9,71.44,2,102.33,0.82,1,2,1
36.19,6,68.89,7,95.78,0.241,1,2,0
45.35,11,90.99,1,109.71,1.195,0,0,1
35.11,0,55.87,5,109.62,2.003,0,2,0
71.61,7,81.55,7,99.32,3.017,1,0,1
69.48,10,93.54,6,95.52,2.368,0,1,1
41.61,12,77.41,1,95.88,1.58,0,2,1
59.7,2,92.47,1,109.17,3.341,0,1,1
66.77,10,57.09,5,94.85,2.545,0,2,1
54.98,5,71.75,6,91.27,3.263,0,0,0
53.83,8,65.41,2,87.54,1.894,0,0,1
40.88,5,84.23,3,99.0,0.98,0,0,0
34.19,8,94.25,2,99.46,0.28,1,0,1
70.37,6,65.26,6,110.23,2.569,0,2,1
70.52,14,81.17,4,91.64,0.512,1,1,1
58.49,8,62.92,7,96.43,1.129,1,0,0
45.26,1,77.61,5,109.25,1.91,1,2,0
45.71,11,73.56,2,109.71,2.019,1,1,1
62.67,7,93.88,1,96.54,2.142,0,0,1
70.37,7,79.34,5,98.77,0.665,1,1,1
69.92,1,68.98,0,94.1,1.391,1,0,1
65.09,11,59.56,6,112.98,2.198,1,1,1
58.89,13,61.05,7,88.56,3.397,1,1,1
33.79,3,64.01,2,113.01,2.574,1,0,0
37.27,13,65.04,5,105.52,3.237,0,2,1
70.43,14,89.02,7,100.95,2.692,0,1,1
57.29,10,77.45,2,85.98,2.112,1,0,1
30.41,14,75.94,5,99.27,0.753,0,1,0
34.57,6,59.59,1,97.23,2.367,0,1,0
59.86,10,89.41,0,89.84,2.219,1,2,1
30.23,3,83.91,0,104.69,2.148,1,1,1
37.24,3,57.71,4,114.13,1.765,1,1,0
54.69,5,83.31,5,101.87,1.897,0,0,0
61.14,9,76.74,2,106.44,1.237,1,0,1
59.34,5,58.27,0,87.05,1.866,0,2,1
40.09,9,73.33,6,97.53,0.772,0,1,0
62.05,14,74.39,0,88.49,2.838,0,1,1
40.68,2,61.63,3,103.38,0.732,1,1,0
44.64,14,92.83,3,113.15,0.389,0,2,1
63.59,8,89.0,0,104.85,1.583,1,1,1
59.23,11,81.76,5,87.3,2.338,1,0,1
68.22,9,73.49,4,95.64,1.588,1,2,1
59.59,13,71.47,0,101.52,1.041,1,0,1
55.57,10,81.04,1,97.1,1.998,1,0,1
34.22,1,76.82,7,110.01,1.28,0,2,0
46.55,5,57.49,2,109.44,3.272,0,0,1
41.93,11,75.5,4,103.35,3.237,0,1,1
40.98,6,87.26,1,96.2,1.808,0,2,0
73.79,11,73.37,4,92.66,1.215,0,0,1
47.69,12,57.08,1,88.18,2.606,1,1,1
70.14,8,86.45,2,95.65,0.225,1,1,1
58.4,12,63.05,2,97.4,1.714,0,0,1
65.77,2,65.34,3,105.27,1.243,0,1,0
52.62,9,61.59,5,104.74,3.23,0,2,1
55.96,2,68.21,1,87.1,0.141,1,0,0
52.16,6,85.27,7,96.86,1.98,1,1,0
38.79,13,75.78,3,90.45,2.618,1,1,1
62.51,3,63.2,1,89.7,1.749,0,0,0
42.63,12,90.11,3,109.82,0.39,0,0,1
31.09,7,90.18,2,86.26,3.406,0,0,0
59.05,12,89.82,4,97.58,1.861,0,0,1
37.97,6,64.55,6,90.05,2.188,1,2,0
72.32,4,73.05,3,111.38,0.904,0,0,1
72.93,6,94.4,1,101.71,1.744,0,2,1
71.17,2,85.88,1,91.94,1.559,0,2,0
46.66,11,56.09,6,100.07,0.355,1,0,0
30.7,1,57.61,5,106.94,0.461,1,2,0
71.77,5,73.56,7,113.74,2.947,0,0,0
49.27,1,91.37,2,91.61,0.915,1,0,1
73.5,2,76.55,1,111.59,0.763,1,1,1
73.36,5,74.91,0,113.03,1.817,1,0,1
68.39,4,59.22,4,112.49,2.714,1,1,1
43.25,7,81.27,3,104.06,0.311,1,2,0
47.33,8,87.88,5,103.89,2.061,0,1,0
68.3,10,70.22,7,97.1,0.505,0,2,0
44.26,2,86.02,6,107.57,0.224,0,0,0
37.63,11,93.58,4,100.94,0.279,1,2,1
55.06,9,63.15,2,105.32,2.936,1,2,1
72.13,2,75.93,5,97.85,0.501,1,0,0
61.32,2,66.49,7,106.94,0.254,1,2,0
55.65,12,86.71,3,109.73,1.589,0,0,1
34.37,12,78.1,3,89.39,2.97,0,1,1
57.68,5,80.38,6,109.99,0.992,0,0,0
74.55,14,86.92,0,101.21,1.534,0,0,1
36.3,14,70.84,6,110.34,0.236,0,2,1
53.32,0,91.6,2,97.94,1.627,0,1,0
69.48,6,76.32,5,96.37,2.064,1,0,1
63.33,11,61.32,5,112.45,2.041,1,1,1
61.37,0,82.84,1,92.54,1.23,0,1,1
61.61,13,86.73,0,110.33,1.173,1,2,1
46.18,4,67.67,0,99.52,0.463,0,0,0
43.21,14,89.29,5,100.42,1.347,0,2,1
66.42,9,91.25,5,94.25,0.438,1,0,1
66.46,12,66.08,4,102.19,2.706,0,1,1
69.02,7,94.34,7,94.76,3.385,0,0,1
71.1,3,60.63,4,86.18,3.398,0,0,0
53.01,4,63.08,4,93.16,3.041,1,1,1
52.57,3,62.37,0,85.19,2.143,1,1,1
65.92,11,90.76,1,114.35,2.483,1,0,1
59.25,11,81.17,3,113.97,1.07,1,2,1
61.59,13,61.08,4,96.85,2.245,0,0,1
65.81,3,72.61,1,106.85,1.649,1,1,1
70.05,11,79.61,6,95.37,1.739,1,2,1
45.21,7,58.34,2,105.13,2.676,1,1,1
46.9,1,90.3,4,109.16,1.059,0,1,0
34.23,0,87.14,6,113.4,1.181,1,2,0
56.02,2,75.21,3,97.01,3.244,1,1,1
31.62,8,93.69,2,108.5,0.291,0,1,0
50.95,3,71.71,2,92.98,1.751,0,1,1
54.42,9,94.36,3,114.71,3.204,0,1,1
42.89,4,81.72,4,85.77,2.175,0,1,0
56.59,1,80.39,0,103.11,1.958,1,1,1
31.37,3,61.64,3,104.79,0.949,0,1,0
31.68,1,90.28,3,105.64,1.267,1,1,0
67.02,14,72.1,3,88.61,2.997,1,1,1
46.21,1,61.49,2,113.16,2.001,1,0,1
35.72,3,55.5,7,90.44,1.85,1,0,0
53.5,5,77.39,1,103.68,0.439,1,1,0
64.65,6,76.1,6,91.68,0.154,0,0,0
39.71,9,83.77,0,94.22,3.377,1,2,1
58.03,2,90.61,4,101.39,1.382,1,0,0
33.84,2,58.18,4,97.52,2.151,1,1,0
32.33,9,84.26,6,89.81,0.371,0,1,0
53.91,5,62.5,1,90.13,2.423,1,0,1
54.33,12,89.33,3,97.54,3.271,1,1,1
58.68,11,87.76,7,107.72,2.057,0,2,1
62.67,2,76.63,0,111.94,0.529,1,2,1
73.91,12,83.41,4,87.52,2.078,1,1,1
53.23,1,67.57,6,96.79,2.706,0,2,0
44.53,7,73.85,5,88.01,1.482,1,2,0
65.78,4,87.87,7,85.5,3.091,1,0,0
42.19,14,73.37,6,104.85,2.306,1,2,1
49.75,0,69.31,7,103.07,3.157,1,0,0
33.53,2,74.77,4,89.89,2.22,1,1,0
31.14,9,88.13,3,92.01,0.546,0,0,0
73.32,7,68.41,5,85.71,1.153,0,1,0
67.62,3,61.95,1,110.05,0.786,0,1,0
61.32,13,83.48,0,114.24,3.19,1,1,1
48.4,6,88.04,1,89.06,2.685,1,1,1
37.8,9,59.03,1,91.94,2.4,1,1,1
37.04,11,64.59,6,111.05,1.123,0,0,0
41.26,13,60.68,7,112.79,0.726,1,1,0
54.72,13,68.92,0,97.59,2.672,1,2,1
62.16,1,73.01,0,86.52,1.712,1,2,0
59.71,6,84.95,4,86.18,0.868,0,1,1
42.6,4,81.05,4,102.22,2.197,0,2,1
72.97,4,79.84,0,96.79,0.237,1,0,1
63.21,5,69.09,5,85.86,1.209,1,0,0
54.95,12,88.66,2,102.5,1.693,1,1,1
57.53,8,73.85,4,85.34,0.603,0,1,0
48.88,13,94.16,2,108.62,3.448,0,1,1
41.15,5,80.37,6,94.19,0.811,0,2,0
46.02,11,60.05,5,86.21,0.543,1,2,0
64.1,12,82.05,0,102.65,0.792,0,0,1
30.65,14,68.0,5,96.93,2.715,1,2,0
35.22,13,82.45,4,114.21,1.547,1,0,1
32.07,7,57.79,1,101.33,2.022,0,2,1
31.83,6,62.0,6,93.26,0.171,1,0,0
68.5,8,89.23,0,106.28,0.217,0,1,1
61.66,3,64.09,3,93.14,1.616,1,2,0
51.34,1,88.48,6,112.13,2.877,1,0,0
34.4,6,66.17,7,96.24,3.11,0,2,0
52.12,5,80.72,2,101.5,0.395,1,1,0
51.31,0,82.77,5,86.52,1.93,1,0,0
37.79,10,75.51,0,97.78,3.205,1,2,1
49.52,8,67.21,6,109.97,1.419,1,2,0
47.93,8,63.51,5,109.17,2.921,1,1,1
57.71,11,56.33,0,91.73,0.555,1,1,1
58.58,1,67.16,4,91.78,3.28,1,0,0
32.04,2,81.13,6,109.52,2.655,1,2,0
46.86,4,92.53,4,112.91,3.301,0,2,0
58.16,4,89.85,6,87.86,2.4,0,1,0
52.64,14,85.64,4,98.5,1.336,1,1,1
68.54,0,86.54,7,95.12,3.29,1,0,1
59.64,7,81.6,5,111.12,1.037,0,2,1
37.33,11,65.41,3,87.51,1.229,1,2,0
33.18,7,91.29,6,91.33,2.483,0,0,1
58.91,3,81.83,7,107.57,2.702,0,0,0
31.19,12,77.42,6,86.54,3.26,0,1,0
56.36,6,59.44,4,99.78,0.796,1,1,1
72.31,14,72.88,0,98.26,2.813,1,0,1
55.9,14,73.41,6,95.03,2.611,1,0,1
47.47,10,89.58,7,96.84,0.317,0,2,0
58.95,9,76.87,4,100.9,1.417,0,0,1
50.62,2,70.22,1,89.84,1.061,0,0,0
54.55,5,94.07,4,102.16,1.135,1,2,1
72.37,13,59.43,5,109.16,3.442,0,0,1
47.37,9,71.9,3,107.8,2.285,0,1,0
73.25,12,56.68,1,89.62,2.54,1,1,1
70.74,9,84.6,5,89.48,3.42,0,2,1
38.81,11,91.72,5,93.05,1.382,0,0,1
33.12,13,66.2,5,95.83,2.826,1,1,0
34.54,8,89.33,0,97.25,1.577,1,1,1
30.82,0,66.69,5,105.39,3.056,0,1,0
34.25,4,91.43,0,86.7,0.714,1,1,0
60.74,3,85.16,5,86.04,3.322,0,0,0
33.2,7,87.2,2,96.76,0.844,1,0,0
44.35,10,55.72,7,105.91,1.209,0,0,0
68.02,11,93.51,1,90.8,2.671,1,0,1
31.05,0,84.07,2,104.25,1.439,0,1,0
66.65,8,67.19,5,92.79,2.168,1,2,1
42.68,5,88.18,1,111.58,1.612,1,2,1
35.32,3,66.26,1,111.87,2.624,1,1,1
61.35,11,89.91,6,93.92,0.876,1,1,1
58.3,8,59.5,3,91.9,0.299,1,2,1
69.49,10,83.15,2,97.34,1.12,1,2,1
63.08,4,76.63,3,92.22,1.713,1,1,1
66.16,14,58.86,1,105.17,0.671,0,1,1
42.69,4,64.68,0,109.78,1.306,0,0,1
37.98,11,55.5,1,105.19,1.46,1,0,1
63.78,4,73.75,3,109.73,0.295,1,2,1
66.31,0,67.05,2,96.91,2.083,0,1,0
74.57,0,78.93,5,89.69,3.107,0,2,0
48.57,7,66.89,6,107.14,0.616,1,0,0
46.74,11,67.0,6,95.81,2.133,0,0,0
64.94,7,84.73,6,105.14,2.36,0,2,0
45.34,11,56.93,5,93.12,1.526,1,0,1
71.88,14,91.12,6,87.44,2.484,1,1,1
68.63,14,89.09,2,114.78,1.496,1,2,1
49.3,5,81.71,5,89.69,1.816,0,1,1
63.79,11,78.73,6,114.65,0.125,1,1,1
63.95,10,90.69,5,114.32,2.452,1,0,1
34.64,12,62.41,3,108.81,2.349,0,1,1
70.61,3,58.16,7,104.78,0.231,1,2,0
52.74,1,64.58,7,102.33,1.352,0,1,0
67.19,13,86.78,2,110.98,3.429,0,1,1
44.4,1,56.39,4,93.68,1.531,0,1,0
70.3,8,78.31,0,99.03,1.807,0,1,1
47.51,14,94.82,6,103.58,3.194,0,1,1
30.49,4,89.23,0,97.34,2.539,0,0,1
70.74,3,75.86,5,97.82,2.079,1,2,0
34.11,9,57.55,0,94.91,2.813,1,0,0
44.37,12,88.25,2,101.93,3.039,1,2,1
72.75,0,78.96,2,110.52,1.653,0,2,1
72.78,6,59.6,1,91.05,1.715,1,2,1
55.8,2,58.75,7,113.03,1.413,0,2,0
58.43,5,91.39,6,105.67,3.387,1,2,1
50.18,4,81.77,1,109.7,2.47,0,1,1
43.19,4,88.17,0,101.69,0.383,1,0,1
44.79,10,90.16,4,108.39,3.034,0,0,1
60.26,4,77.87,1,85.49,1.734,1,1,1
63.86,0,75.7,1,109.55,0.334,0,2,0
65.62,0,72.22,2,86.2,1.969,1,0,0
65.53,2,67.68,4,111.7,1.518,0,1,1
34.1,13,72.38,5,114.76,3.084,1,1,1
52.25,11,85.96,0,93.82,0.794,1,0,1
32.59,9,79.08,1,91.31,2.91,1,0,1
54.73,3,90.7,4,107.96,1.996,0,2,1
49.87,4,72.74,7,92.59,0.286,0,2,0
69.95,1,79.28,6,110.97,3.404,0,0,0
45.79,7,80.25,4,88.09,1.843,0,2,0
35.27,10,78.67,7,88.78,1.089,0,1,0
36.43,10,83.11,0,114.37,1.696,1,2,1
64.27,13,64.5,4,105.22,3.017,0,2,1
57.82,1,75.49,7,110.41,1.137,1,1,0
34.55,8,59.17,4,94.73,0.755,1,2,0
33.78,1,70.38,4,105.29,0.539,0,1,0
61.54,12,74.51,6,102.83,1.113,1,2,1
33.27,8,81.09,7,103.09,2.752,0,0,0
66.98,6,93.02,7,105.48,1.704,0,2,1
61.78,14,79.03,1,102.26,0.873,0,0,1
33.66,7,84.74,0,97.87,0.665,1,0,1
33.82,14,75.25,6,93.28,1.231,0,0,0
74.4,10,80.36,4,108.06,3.296,0,0,1
46.84,1,57.84,4,91.79,1.266,0,0,0
46.68,6,65.18,1,105.77,3.46,1,1,1
66.58,11,69.47,0,92.0,1.75,0,1,1
72.63,5,73.9,2,103.76,0.709,1,1,1
74.37,3,56.83,6,107.41,3.13,1,0,1
63.9,6,60.6,1,91.56,1.665,0,2,1
46.93,13,66.07,0,86.8,2.513,1,1,1
33.76,12,93.86,6,88.93,3.445,1,2,1
64.97,3,68.25,4,103.18,0.271,0,2,0
55.13,1,74.28,0,110.48,0.429,0,0,0
49.09,9,62.84,0,86.35,2.55,0,0,1
70.79,11,79.43,5,107.02,1.058,1,0,1
35.0,6,66.23,0,95.24,0.727,0,1,0
52.17,7,63.28,2,99.36,0.234,1,0,1
30.51,1,75.66,0,112.87,0.174,1,1,0
51.09,4,55.22,2,94.96,2.733,1,1,1
32.53,0,55.31,4,98.96,0.557,1,1,0
35.35,6,63.76,2,85.41,1.69,1,1,1
35.29,7,56.47,6,87.45,2.16,0,0,0
59.21,12,59.32,4,92.76,1.556,0,1,1
63.57,5,68.55,4,85.84,0.192,1,0,0
56.25,4,87.1,2,103.94,2.764,1,0,1
73.3,14,77.88,7,97.79,0.136,0,1,1
46.87,5,75.51,1,101.44,2.69,0,0,1
42.86,14,66.74,3,90.24,3.137,1,2,1
69.09,1,92.27,7,93.88,1.572,1,0,0
40.06,0,70.88,0,104.91,1.921,0,0,0
73.35,6,58.48,5,113.96,1.722,0,1,1
30.55,6,79.68,3,86.51,1.423,1,1,0
73.64,9,59.55,0,111.71,3.117,0,0,1
31.94,10,68.81,7,102.31,3.139,0,1,1
70.1,9,75.3,7,101.92,1.242,1,2,1
53.75,13,89.97,0,100.01,2.191,1,2,1
74.68,1,74.74,4,87.08,3.251,1,1,0
33.32,1,83.09,0,87.7,3.371,0,0,0
54.92,0,94.71,5,103.03,1.83,1,2,0
73.62,9,60.26,7,95.23,1.64,0,2,0
53.54,7,65.99,0,112.52,1.048,1,0,1
58.32,14,70.78,2,97.2,3.36,1,1,1
61.31,7,71.87,3,89.3,0.586,0,2,1
50.45,0,71.44,2,106.44,2.071,0,0,0
58.24,11,91.3,5,93.8,1.061,1,0,1
56.29,10,83.56,0,100.76,1.049,1,2,1
70.55,7,79.32,6,105.93,1.477,0,1,1
32.05,8,67.37,5,112.01,3.496,1,2,0
42.64,13,87.95,4,108.77,0.287,0,0,1
72.77,3,93.2,2,105.29,2.067,0,2,1
70.06,0,87.85,2,105.39,0.381,1,1,1
50.5,0,55.06,1,113.38,0.625,0,0,0
57.91,2,80.46,0,93.87,1.595,0,1,1
42.48,14,57.05,4,85.03,1.836,0,2,1
38.47,13,65.3,6,93.16,0.98,1,2,0
50.87,4,57.38,2,91.54,1.176,0,1,0
45.9,4,79.15,2,104.86,0.396,1,2,0
56.26,8,82.46,4,104.01,1.131,1,1,1
33.5,9,59.58,5,102.8,3.386,1,2,1
73.85,13,70.35,5,85.49,3.312,0,1,1
74.38,11,73.25,0,106.86,1.239,0,1,1
61.42,1,69.76,7,94.71,2.041,1,0,0
54.12,1,59.84,1,104.95,3.193,1,0,1
43.93,5,71.76,2,101.7,0.121,0,1,0
66.62,14,85.05,7,95.28,2.856,1,2,1
60.81,8,57.84,7,89.04,3.324,1,2,0
37.32,0,58.21,1,87.83,0.411,0,2,0
70.99,8,69.19,7,109.95,0.649,1,1,1
67.01,8,92.67,7,112.55,3.367,0,1,1
72.74,12,81.74,5,104.49,1.928,0,1,1
62.66,8,82.15,5,88.1,0.148,1,1,1
57.6,4,69.48,3,97.06,0.976,0,0,0
48.82,12,78.75,6,106.87,1.63,0,1,1
71.97,14,55.41,0,108.39,2.456,0,2,1
68.97,8,80.44,7,88.55,2.593,1,0,0
32.03,10,91.53,3,85.0,3.484,1,2,1
31.19,3,79.5,6,106.36,1.078,1,1,0
46.94,1,89.95,3,95.7,1.93,0,0,0
66.47,12,83.96,3,92.63,1.913,0,1,1
74.43,5,59.82,0,85.39,1.479,1,0,1
36.77,13,91.1,0,101.21,0.675,1,2,1
56.74,3,57.66,4,110.53,3.423,0,1,1
47.14,5,76.36,1,113.73,3.001,1,1,1
73.65,2,60.69,1,101.97,1.794,1,0,1
67.9,5,55.47,4,100.43,2.151,1,0,0
67.72,1,71.88,4,87.55,0.873,1,1,0
51.09,1,66.8,5,101.47,1.949,1,0,0
48.67,12,74.44,6,96.4,2.463,0,1,1
42.3,8,78.09,3,103.21,1.852,1,0,1
32.54,6,56.75,7,96.66,3.467,1,2,0
68.91,2,59.92,4,92.21,2.179,0,0,0
66.58,12,77.35,2,87.85,1.361,0,2,1
74.99,10,68.73,1,94.45,2.725,0,0,1
74.85,0,84.17,4,87.9,0.68,0,0,0
54.99,7,81.09,2,90.31,1.407,1,1,1
64.6,13,88.82,2,114.62,1.28,1,0,1
72.51,5,82.7,2,98.32,1.568,1,0,1
68.23,6,72.2,5,100.96,2.758,1,2,1
41.13,8,81.92,5,111.21,1.746,0,0,0
50.27,4,66.02,7,114.87,2.8,0,1,0
35.81,14,67.25,7,102.48,2.06,1,2,1
72.93,0,86.56,2,109.37,1.263,1,1,1
57.28,11,72.86,6,94.81,2.854,1,1,1
40.29,9,86.94,5,94.17,0.91,1,1,0
60.23,6,87.9,3,97.08,0.863,0,1,0
57.82,14,89.3,2,105.18,1.815,1,2,1
46.12,4,91.67,3,105.47,0.987,0,0,0
35.11,2,72.24,3,94.46,0.131,0,1,0
60.22,11,67.75,2,89.0,2.304,0,2,1
53.41,12,78.29,1,103.97,1.838,0,1,1
64.75,8,69.85,6,88.85,1.615,1,0,0
53.41,0,79.04,2,102.35,3.388,1,2,1
68.35,0,83.22,7,105.8,2.042,1,2,0
54.84,0,82.54,2,106.02,3.036,1,0,1
55.24,2,69.98,5,107.6,0.574,0,2,0
69.45,11,61.67,2,111.19,2.035,0,0,1
48.16,5,72.22,1,100.0,3.051,0,2,1
36.03,9,60.7,5,106.91,2.083,1,2,0
31.3,10,90.6,7,103.58,2.541,0,0,0
63.98,2,68.84,0,90.6,1.365,0,0,1
57.91,7,61.18,0,85.77,0.414,0,2,1
61.68,13,56.02,3,93.54,1.657,0,2,1
39.58,13,80.83,6,98.29,1.441,1,0,1
36.14,9,80.48,3,103.51,3.048,0,0,1
30.65,1,68.62,1,110.5,0.93,0,2,0
45.78,13,57.87,4,90.89,3.387,1,2,1
56.55,8,71.39,7,88.77,3.358,1,2,0
47.65,2,67.45,6,113.9,0.942,1,0,0
49.69,4,82.08,7,88.24,1.283,0,2,0
70.69,9,79.23,0,99.35,3.145,0,1,1
45.67,7,69.58,3,102.57,3.387,0,0,1
53.13,1,63.72,7,101.24,1.608,0,2,0
65.26,5,94.52,0,87.58,1.191,1,0,1
47.84,11,73.16,1,86.71,1.889,0,1,1
57.99,4,82.53,1,88.16,2.438,0,0,1
68.81,12,60.62,4,102.57,1.03,1,2,1
72.73,9,74.42,7,101.33,2.604,1,1,1
36.62,8,56.1,4,92.01,0.276,1,1,0
71.7,11,75.22,5,104.13,0.268,0,2,1
52.15,4,93.56,6,109.6,1.413,0,2,1
41.62,1,70.37,7,86.25,1.302,0,2,0
50.66,4,56.56,1,99.94,1.173,0,0,0
74.1,14,56.24,3,105.68,1.769,0,0,1
52.17,11,70.52,0,92.57,1.19,1,0,1
44.79,3,61.4,2,94.23,0.754,1,2,0
58.5,14,55.93,4,103.41,1.152,0,2,1
40.81,10,85.25,2,111.94,3.415,0,0,1
33.41,6,73.34,7,109.3,1.498,0,1,0
35.8,5,66.57,3,102.49,1.612,0,0,0
35.76,13,91.0,4,106.91,2.06,0,1,1
36.84,1,59.65,2,95.94,3.443,1,2,0
36.25,11,93.24,6,104.23,0.921,1,2,0
58.84,10,67.56,3,98.99,2.416,1,0,1
38.18,10,90.54,0,90.7,2.534,0,0,1
45.56,12,79.12,6,106.05,2.165,0,2,1
70.36,4,88.07,3,101.69,0.401,1,0,0
51.33,6,94.36,5,95.76,2.401,1,2,1
60.04,10,66.54,4,112.34,0.318,0,2,0
37.75,6,93.45,1,85.63,2.127,1,1,1
38.65,14,70.58,0,94.47,2.615,1,0,1
31.84,4,70.42,7,86.71,0.817,0,2,0
37.6,11,68.62,6,108.0,2.962,1,0,1
42.54,14,76.66,6,106.06,0.203,1,1,1
37.97,8,61.17,2,94.94,2.969,1,1,0
33.99,3,77.15,4,105.27,1.665,0,0,0
35.43,10,76.67,7,96.88,0.84,1,0,0
50.74,2,85.48,1,107.69,0.555,1,2,1
39.29,14,88.35,3,98.63,3.341,1,1,1
46.39,3,72.62,1,97.37,0.347,0,1,0
52.65,4,67.09,4,113.04,0.777,0,1,0
61.07,12,65.37,4,92.53,1.283,1,0,1
31.77,5,62.78,5,88.61,2.209,0,2,0
65.97,2,57.31,5,102.54,1.952,1,0,0
58.26,1,68.7,1,114.08,0.527,0,0,0
33.68,13,65.81,3,96.34,1.085,0,0,0
69.31,12,93.66,1,86.86,0.912,1,2,1
71.44,3,77.31,4,95.18,0.826,1,0,0
32.75,4,68.89,4,100.18,1.498,1,1,0
42.46,3,78.22,2,89.86,2.494,0,1,0
66.28,13,60.57,5,104.74,0.839,1,1,1
63.67,10,72.76,7,114.93,1.347,0,2,0
38.3,12,80.05,7,98.55,1.429,0,0,0
39.42,14,74.56,7,95.64,3.42,1,2,1
46.67,11,71.07,2,97.02,3.346,0,0,1
51.8,2,94.75,0,88.45,2.82,1,1,1
57.82,7,90.21,7,111.5,0.922,0,0,1
46.6,9,79.94,4,97.44,0.331,1,0,0
50.81,3,77.78,2,96.62,1.177,0,0,1
63.64,13,79.83,1,104.79,1.007,0,2,1
31.65,1,63.05,5,98.26,1.82,1,0,0
41.36,1,70.81,5,104.45,2.744,0,0,0
62.1,0,56.58,3,86.84,3.018,1,0,0
70.28,12,74.02,1,109.41,2.973,0,2,1
53.03,3,76.72,3,113.22,1.323,0,2,0
53.95,9,64.11,2,104.46,2.437,0,2,1
34.82,8,93.56,6,113.64,1.164,1,0,0
50.13,13,91.38,7,89.54,0.307,1,1,1
53.97,10,83.89,0,99.32,2.485,1,1,1
40.91,6,76.34,1,103.05,0.133,1,1,1
42.12,14,89.8,1,102.45,1.491,1,0,1
46.98,11,60.23,1,97.04,1.22,0,1,1
30.9,9,86.62,3,95.14,2.457,0,1,0
44.49,6,59.99,2,88.8,2.705,1,1,1
39.52,12,86.77,1,96.75,1.134,0,0,1
44.74,14,66.03,6,89.88,2.86,0,1,1
35.39,6,90.08,1,107.03,1.099,0,1,1
70.07,14,92.76,5,91.26,1.618,0,0,1
56.71,7,60.95,7,86.76,2.572,1,2,0
60.56,0,73.51,0,101.57,2.456,0,1,0
65.51,9,94.24,7,102.86,3.457,1,2,1
52.43,12,74.34,5,111.16,0.866,1,1,1
33.91,9,89.54,5,102.31,2.352,0,0,1
54.17,7,78.55,0,95.36,2.173,1,2,1
56.41,3,70.01,6,109.09,3.211,0,2,0
63.54,3,66.43,2,101.21,0.632,0,2,0
49.42,3,63.13,5,87.38,2.656,0,2,0
35.74,5,85.47,2,101.98,2.032,1,1,1
42.77,6,70.46,5,112.24,1.034,1,1,1
46.34,5,75.45,4,96.89,1.713,1,2,0
59.07,0,74.69,0,93.89,1.235,0,1,0
55.69,11,78.09,5,89.3,2.07,0,2,1
46.02,7,89.62,4,89.54,3.123,0,2,0
74.39,12,94.23,7,97.98,2.036,1,0,1
57.26,9,71.3,3,102.87,2.248,0,2,1
40.68,14,88.1,4,87.42,1.864,0,1,1
34.58,10,85.58,1,113.19,0.274,1,2,1
36.88,12,77.94,5,107.65,0.892,1,0,0
41.07,6,93.24,4,102.6,1.773,1,1,1
37.23,5,63.02,2,109.85,1.155,0,0,0
38.4,5,59.37,3,87.41,0.718,0,0,0
42.83,4,89.16,6,99.31,1.814,0,2,0
37.8,5,72.57,5,103.9,1.198,1,0,0
70.35,11,88.88,1,109.86,0.978,1,0,1
33.61,8,90.72,6,108.5,1.678,1,1,0
53.6,9,57.5,4,93.31,0.553,1,0,0
48.47,8,90.34,6,113.23,3.254,0,2,0
74.21,14,72.93,6,88.73,3.05,0,2,1
35.04,9,75.42,3,111.25,2.506,0,2,1
47.9,7,80.06,7,114.13,0.461,0,0,0
73.63,9,92.06,6,90.31,2.738,0,1,1
68.95,8,55.76,6,106.66,2.847,0,2,1
66.77,12,74.07,5,86.21,2.71,0,0,1
41.61,9,82.51,7,97.16,0.487,0,2,0
37.69,7,83.91,3,100.49,2.289,1,2,1
60.09,7,82.7,1,102.42,2.937,1,1,1
71.82,0,60.38,4,113.08,2.063,0,2,0
55.05,9,66.98,3,105.17,2.298,1,1,1
55.72,10,69.35,3,99.44,1.658,0,0,1
42.6,4,87.18,0,109.29,1.898,0,2,1
64.63,3,66.15,3,113.52,0.217,1,0,0
38.42,1,63.43,7,85.66,2.272,0,0,0
44.57,7,93.3,0,114.48,0.377,0,0,1
49.14,2,55.35,4,87.58,1.579,0,2,0
52.84,3,94.91,6,109.43,1.095,0,1,0
40.91,11,82.07,5,93.41,1.954,0,2,1
35.17,6,88.14,5,88.97,0.554,0,0,0
57.48,9,66.78,4,98.2,2.452,0,1,1
42.99,8,55.57,4,104.32,2.803,1,0,1
56.16,1,84.51,7,96.43,0.655,1,1,0
36.95,2,88.37,2,86.64,0.455,0,2,0
51.65,3,84.62,6,102.98,0.595,1,1,0
53.97,9,60.71,4,112.07,3.082,0,2,1
32.33,0,85.14,3,96.5,1.896,0,0,0
45.15,6,85.76,7,91.49,1.689,0,1,0
36.05,1,81.34,5,98.28,0.463,0,0,0
32.85,4,85.64,1,86.45,2.308,1,1,0
74.55,14,88.84,7,109.61,3.051,1,2,1
44.51,0,79.54,5,109.79,2.916,1,1,1
66.44,2,58.54,0,102.64,2.229,1,1,1
41.46,11,74.51,7,95.59,0.356,0,2,0
60.67,1,58.11,5,108.99,0.482,1,2,0
64.21,0,71.3,2,101.64,0.268,0,2,0
56.8,6,71.28,7,109.78,0.975,0,1,0
51.22,4,57.64,7,103.94,0.561,1,0,0
48.53,0,68.95,6,108.53,0.984,0,1,0
45.7,5,59.44,4,102.96,1.409,1,1,1
71.83,4,87.33,6,97.42,3.306,1,0,1
67.38,14,92.91,7,113.74,2.175,1,2,1
73.43,2,57.89,4,101.23,2.939,1,1,0
35.59,11,93.2,5,103.15,2.515,1,0,1
62.89,6,75.9,1,91.61,0.483,0,2,1
72.23,10,66.98,1,103.77,2.602,1,2,1
38.16,9,58.07,7,102.15,1.035,1,1,0
32.99,8,75.02,2,90.55,2.273,0,2,1
63.35,13,86.78,0,86.79,1.259,1,2,1
55.85,12,83.28,5,103.13,3.492,1,0,1
67.88,12,57.01,4,107.91,0.996,0,0,1
36.29,8,57.92,7,100.7,1.049,0,2,0
65.79,13,71.11,5,91.8,3.264,1,0,1
39.07,8,66.81,7,105.0,0.184,0,2,0
37.36,1,64.3,2,87.4,2.469,1,1,1
37.39,2,66.24,3,98.26,2.566,0,0,0
66.66,6,87.14,3,89.9,2.944,1,2,1
59.93,4,92.17,2,90.53,3.413,1,2,1
53.54,1,71.2,4,91.07,3.417,1,0,0
46.15,2,91.24,6,96.6,0.322,0,0,0
69.47,9,67.86,2,86.53,2.894,1,1,1
47.66,5,74.06,7,96.93,2.297,0,2,0
66.75,12,64.04,4,100.35,2.301,1,1,1
49.76,6,80.62,1,99.5,0.536,1,1,1
46.96,8,94.16,2,96.48,2.311,1,1,1
50.82,0,79.14,4,110.17,3.44,1,0,0
43.56,10,69.31,2,89.36,3.2,1,1,1
63.64,6,80.91,2,100.17,1.593,0,0,1
52.62,7,59.92,6,86.86,0.236,0,0,0
40.45,11,90.55,6,87.13,1.332,0,1,0
70.48,13,75.12,7,102.22,2.91,1,1,1
47.28,2,72.97,4,101.98,2.485,1,2,1
54.46,3,78.43,4,111.34,1.662,0,1,0
70.79,9,79.99,0,101.74,0.287,1,2,1
58.09,5,57.87,2,113.79,1.551,1,1,1
35.26,9,82.3,3,86.46,1.695,1,1,0
72.29,6,64.68,2,87.94,3.257,0,1,1
58.25,12,83.56,2,86.32,2.28,0,1,1
45.07,13,87.9,4,90.56,1.16,0,2,0
36.27,3,87.16,2,101.24,1.886,0,2,0
65.73,7,77.1,5,104.37,0.325,0,1,0
57.9,4,75.81,2,86.37,3.407,1,1,1
54.01,0,60.72,5,113.38,1.324,1,2,0
70.23,3,86.01,6,110.26,1.725,1,0,1
65.49,2,65.86,3,93.9,1.308,1,0,1
36.83,8,74.87,7,87.32,2.421,0,0,0
44.03,7,66.37,4,90.1,2.352,0,2,1
41.18,0,60.35,2,88.81,2.532,1,2,0
63.48,10,80.18,5,88.7,1.012,0,0,1
31.51,5,57.17,5,100.56,1.173,1,0,0
55.65,8,84.95,6,92.38,0.526,1,1,0
64.31,6,67.7,5,95.74,2.329,1,2,1
69.45,3,55.01,7,114.69,0.235,1,2,0
45.39,12,75.45,1,105.53,2.132,0,0,1
66.96,0,56.87,0,113.47,3.057,1,0,1
34.98,11,66.05,7,89.28,3.129,0,2,0
68.09,1,83.28,3,96.46,1.627,1,1,1
35.74,11,57.51,7,101.64,1.662,1,0,0
47.88,4,88.57,6,87.3,0.362,1,2,0
65.88,11,55.15,6,85.13,2.381,1,2,1
36.75,10,64.87,7,105.11,2.892,0,1,1
40.32,4,84.64,2,104.25,0.932,1,1,1
62.5,7,67.65,1,97.32,1.532,0,0,1
62.4,5,59.08,2,99.69,2.952,1,0,1
58.85,7,69.41,2,97.46,3.082,1,0,1
61.23,1,65.82,7,85.72,0.927,1,2,0
54.42,2,88.71,4,95.06,1.972,0,0,0
41.33,5,67.53,4,90.31,0.754,1,2,0
45.56,11,86.56,4,87.95,0.446,1,0,1
38.17,12,90.67,1,113.7,3.198,1,1,1
70.88,9,72.35,2,102.98,2.89,1,1,1
56.25,2,91.4,0,106.86,2.684,1,2,1
48.04,5,70.09,3,94.46,0.266,0,1,0
50.79,5,93.56,4,96.79,2.969,0,2,1
72.63,1,58.57,4,92.11,1.589,1,2,0
36.9,6,82.48,6,87.91,1.264,1,1,0
56.38,11,74.75,2,90.37,1.958,0,2,1
52.76,1,70.51,2,108.93,0.411,1,1,0
57.52,5,80.31,1,105.33,2.673,0,0,1
30.81,0,83.15,1,101.41,2.08,1,0,0
69.25,2,55.17,4,99.25,0.734,1,1,0
71.95,1,61.68,2,112.67,0.74,0,1,0
55.43,6,83.52,0,87.18,0.726,1,1,1
61.35,13,81.66,3,93.42,0.294,0,1,1
71.51,3,93.64,7,95.5,2.099,0,0,0
61.83,7,85.44,2,108.47,2.957,0,2,1
36.86,5,93.03,6,114.78,0.159,1,2,0
55.93,11,83.1,7,92.22,0.267,0,0,0
57.3,9,66.92,2,111.23,2.047,0,2,1
49.09,3,59.21,5,109.92,2.886,1,0,0
63.14,4,86.27,1,91.74,1.211,1,2,1
72.05,12,80.77,6,96.98,1.289,1,1,1
71.65,12,56.93,3,97.29,2.128,1,1,1
50.29,14,69.4,4,114.35,1.032,1,1,1
35.1,14,93.27,6,90.43,0.19,1,0,1
74.32,8,75.02,2,108.97,2.6,0,0,1
67.75,6,72.31,4,95.03,2.227,1,2,1
35.61,9,73.31,2,106.93,2.075,0,2,1
71.44,13,63.36,4,97.6,2.622,1,2,1
69.15,13,69.75,3,102.35,2.396,0,0,1
53.35,8,69.79,1,109.98,0.8,0,2,1
56.61,6,57.09,3,109.12,1.298,1,1,1
47.96,11,85.7,5,110.99,0.529,1,2,1
32.46,0,71.66,0,86.79,0.542,0,1,0
45.08,11,87.89,1,105.76,2.399,1,0,1
66.13,7,89.01,3,89.2,3.019,1,1,1
30.21,3,63.48,5,97.47,3.373,0,1,0
45.01,2,81.29,0,101.46,2.236,0,1,1
47.92,13,73.89,5,97.08,0.726,0,0,0
54.18,12,90.21,2,100.59,0.459,1,0,1
71.39,6,63.63,7,114.9,2.864,1,0,1
45.59,11,82.11,2,89.06,2.068,1,0,1
45.61,2,79.31,4,105.26,2.202,1,2,0
63.19,7,66.81,1,96.88,2.757,0,0,1
50.35,5,60.46,2,88.99,2.491,1,1,0
40.11,4,81.07,6,89.76,2.937,0,0,0
50.36,3,84.54,5,113.48,0.291,1,2,0
36.34,7,67.63,1,111.39,2.642,1,2,1
37.94,7,80.79,7,112.21,2.993,0,2,0
52.43,11,70.81,6,114.75,1.073,1,1,1
48.85,0,83.53,2,91.25,2.278,1,0,0
71.17,8,62.97,4,95.66,1.168,0,0,0
46.31,13,90.61,3,105.08,3.357,1,0,1
56.13,4,66.5,4,99.51,0.214,0,1,0
58.45,3,69.71,6,97.55,2.071,0,1,0
30.59,5,57.32,0,95.73,0.666,0,2,1
59.86,5,59.46,2,102.81,2.522,0,2,1
38.01,1,75.63,6,102.27,0.698,1,0,0
73.25,7,65.7,0,89.84,0.9,1,1,1
36.69,6,88.42,0,99.15,1.781,1,1,1
48.66,0,55.59,5,101.6,3.21,0,0,0
33.84,4,70.16,1,102.11,0.82,1,0,0
74.86,11,68.49,5,91.3,0.59,1,2,1
52.6,5,55.77,2,107.27,2.681,1,2,1
56.79,3,59.97,0,85.76,1.802,1,2,1
33.02,1,71.55,7,95.64,3.2,0,0,0
63.75,12,74.71,6,108.41,0.598,0,0,0
39.45,13,71.17,3,101.92,2.296,1,2,1
70.41,3,76.24,0,92.83,0.892,0,2,1
39.23,0,78.81,6,105.85,0.633,1,1,0
38.58,6,55.4,7,102.02,2.424,1,1,0
31.64,1,73.56,3,108.89,2.119,1,2,1
51.24,12,93.54,5,107.05,2.666,0,2,1
55.42,1,75.76,5,103.3,1.152,1,1,0
32.96,8,82.1,1,99.65,1.623,0,2,1
64.9,4,67.47,6,89.0,1.479,0,1,0
50.4,1,85.96,0,92.84,3.446,1,1,1
53.6,10,85.92,4,97.57,1.094,0,1,0
49.83,8,75.85,5,102.98,1.102,0,0,0
48.03,8,94.04,5,100.41,1.305,1,0,1
55.18,0,60.02,1,93.65,2.02,0,2,0
36.99,10,55.68,3,85.19,0.958,0,1,0
38.19,2,85.81,1,99.89,3.212,1,0,1
68.78,3,87.29,7,93.57,1.003,1,2,1
72.58,13,59.81,0,107.04,3.146,0,2,1
46.8,6,65.62,6,85.72,0.452,1,2,0
42.18,9,55.7,2,102.54,2.332,1,2,1
58.98,3,66.73,2,113.24,3.184,0,2,1
48.39,1,85.93,6,90.23,0.674,0,1,0
31.14,6,75.72,3,99.15,3.392,1,2,1
37.03,5,68.92,7,87.74,1.64,0,1,0
62.22,2,69.87,5,103.77,3.315,1,0,1
59.65,5,55.05,3,101.52,2.401,1,2,1
31.22,10,66.99,5,97.22,1.125,0,0,0
39.99,14,80.86,5,100.64,0.74,0,1,0
40.4,5,93.97,2,111.9,1.133,1,1,1
60.24,11,88.88,3,90.89,0.416,1,0,1
30.89,4,55.94,7,85.68,0.589,1,2,0
34.68,3,90.94,1,110.85,0.456,1,2,1
66.0,9,86.33,5,102.31,1.538,0,0,1
38.03,11,86.22,4,111.72,2.805,1,0,1
59.37,14,73.32,4,102.91,0.581,0,0,1
40.72,0,70.92,1,109.3,0.543,0,2,0
34.47,9,67.12,4,97.89,2.288,1,2,1
40.94,5,57.63,0,107.5,0.77,0,2,0
62.5,1,64.13,5,112.39,0.432,0,0,0
68.51,12,64.86,1,102.16,0.667,1,2,1
67.36,2,74.36,3,90.42,3.241,0,1,1
47.87,13,84.9,5,93.06,2.893,0,0,1
60.06,7,73.95,1,90.96,1.304,1,2,1
39.22,9,57.31,2,92.41,2.33,1,0,1
43.19,13,93.31,7,94.19,1.927,1,1,0
70.34,13,92.71,3,101.65,2.402,1,1,1
30.59,5,86.41,7,102.64,2.421,1,0,0
33.85,2,94.65,2,97.79,2.238,1,0,0
39.35,6,76.78,5,103.46,1.005,1,1,0
31.19,3,93.51,3,87.45,0.233,0,0,0
38.16,13,58.02,7,87.63,1.649,0,1,0
56.24,8,69.63,4,90.15,3.129,1,1,1
48.96,14,64.02,7,100.54,2.036,0,2,0
70.17,4,62.83,1,91.42,2.93,0,0,1
66.78,2,60.63,5,93.5,3.472,1,0,0
45.38,1,79.9,0,97.01,0.656,0,2,0
41.67,10,86.25,7,109.36,2.452,1,1,1
47.09,1,78.13,3,85.42,2.393,0,0,0
56.56,2,60.88,3,104.48,3.432,1,2,1
42.06,1,87.44,6,105.07,3.451,0,2,0
58.09,13,80.44,7,108.96,2.435,0,0,0
48.42,3,70.53,5,112.98,0.928,0,2,0
54.84,1,81.97,5,85.6,2.815,1,1,0
49.63,9,65.4,2,89.61,0.464,0,2,0
43.25,8,68.81,6,111.59,2.754,0,1,1
72.68,1,91.7,7,98.76,3.195,1,1,1
64.36,8,66.62,4,101.94,1.402,1,0,1
36.31,12,73.8,2,104.89,2.244,0,2,1
69.08,5,90.61,6,105.37,1.562,0,1,1
51.93,0,83.31,7,112.95,1.588,0,1,0
70.25,3,57.49,7,114.91,1.155,0,2,0
65.99,14,60.89,2,106.6,2.691,1,1,1
49.13,13,55.31,4,93.62,3.283,0,2,1
31.01,0,80.24,6,111.39,3.299,0,0,0
42.09,13,72.91,7,86.48,0.694,1,1,0
54.37,5,60.37,7,91.93,3.074,0,1,0
58.51,13,93.32,6,111.92,2.607,0,2,1
41.6,12,76.19,0,92.69,0.96,0,2,1
36.27,3,64.68,2,91.62,0.329,1,2,0
67.57,2,75.02,2,89.14,1.011,1,2,0
74.3,2,82.18,3,110.77,3.202,0,1,1
53.66,8,58.05,4,100.0,2.253,0,0,1
37.73,5,65.99,1,105.25,2.552,1,0,1
42.25,8,87.28,0,92.17,0.974,0,0,1
30.83,12,73.39,6,107.74,2.546,0,0,1
71.14,4,76.86,6,107.8,0.196,1,2,1
35.3,1,72.31,6,94.38,1.376,1,1,0
55.94,7,56.76,0,97.32,2.231,1,1,1
42.33,4,61.63,7,91.29,0.597,0,1,0
54.94,1,72.82,6,114.3,2.898,0,2,0
59.31,3,63.37,6,104.37,0.899,0,1,0
67.34,8,57.0,4,113.04,2.318,0,2,1
39.29,14,88.75,5,94.1,1.478,1,1,1
30.49,3,94.25,5,108.46,2.127,0,0,0
36.16,12,86.73,3,107.98,0.465,0,2,0
70.5,11,89.15,3,105.75,0.158,1,1,1
69.33,11,64.68,6,113.97,3.193,1,0,1
56.88,11,93.43,4,96.81,1.017,0,0,1
57.02,12,62.88,6,88.92,2.887,1,0,1
59.93,14,93.06,3,105.15,3.498,1,2,1
37.89,13,94.79,0,106.88,0.819,0,2,1
71.15,3,83.47,0,102.25,1.002,0,1,1
48.84,1,94.25,7,91.2,2.354,0,0,0
47.24,12,77.78,1,100.13,3.383,0,1,1
53.35,11,65.38,5,94.37,3.214,1,1,1
32.11,14,72.48,4,97.82,1.81,1,0,1
37.48,5,78.74,2,104.36,2.803,0,1,0
63.21,12,57.92,5,107.36,0.562,0,2,0
33.73,10,79.89,2,91.97,3.423,1,1,1
57.14,13,94.25,1,97.16,3.379,0,0,1
41.04,1,62.6,1,93.07,0.657,0,2,0
47.52,11,86.7,6,90.96,1.118,0,2,0
42.99,6,91.32,3,108.5,0.441,0,1,0
46.01,2,92.75,1,112.28,1.024,1,1,1
62.36,14,93.41,1,96.11,2.874,0,2,1
43.37,2,75.86,2,107.54,1.386,1,1,0
55.49,4,94.09,3,111.91,0.401,0,0,0
51.42,2,85.29,1,110.38,1.264,0,1,1
59.87,1,61.47,5,90.48,3.437,1,1,0
72.16,9,74.08,7,113.69,2.241,0,2,0
62.97,8,83.73,1,96.3,1.515,1,1,1
39.67,1,64.89,7,95.18,0.666,0,1,0
31.4,13,80.62,3,86.87,3.453,0,1,1
41.8,10,81.66,6,99.59,2.891,0,0,1
56.78,1,61.51,4,88.27,1.057,0,1,0
32.31,12,77.6,3,92.46,0.338,0,0,0
52.34,14,85.87,2,94.51,0.293,1,0,1
56.86,7,74.96,4,109.26,0.509,1,0,0
45.04,14,55.48,5,111.26,2.075,0,0,1
64.69,8,55.36,0,94.07,3.258,0,2,1
34.8,6,69.28,7,110.76,1.789,1,0,0
33.38,2,92.05,7,110.72,2.966,1,1,0
62.77,8,64.15,7,107.94,1.616,0,0,0
52.3,2,80.37,3,89.4,2.509,0,1,0
60.98,4,63.88,7,105.71,2.588,1,0,1
49.57,8,67.87,6,113.35,0.691,0,2,0
41.09,11,88.92,7,105.48,1.328,1,0,0
66.86,13,84.15,2,94.95,2.267,0,0,1
65.97,13,58.82,5,100.02,0.34,1,2,1
61.26,2,72.15,7,104.37,1.329,1,0,0
42.25,6,56.17,7,100.32,1.918,0,1,0
56.56,11,74.24,4,88.6,3.487,1,0,1
46.24,0,81.5,5,94.36,1.713,0,0,0
34.12,3,59.74,7,109.07,2.875,0,0,0
71.28,3,66.56,3,110.84,1.569,0,2,0
36.16,6,70.91,1,89.12,2.808,0,0,0
72.76,7,91.78,6,113.57,2.124,1,0,1
50.07,0,94.73,3,94.86,3.114,0,1,0
38.33,4,56.8,0,104.87,1.497,0,0,1
54.39,6,85.44,3,107.55,2.155,0,0,1
69.28,11,69.87,4,109.36,2.242,0,0,1
62.95,3,70.7,4,113.37,1.519,1,0,1
66.3,12,85.17,7,94.39,0.591,0,1,1
59.65,3,91.74,3,110.76,0.418,1,1,1
61.15,3,93.04,4,88.95,0.157,1,2,0
68.21,11,78.08,1,106.15,3.07,1,0,1
41.24,5,69.28,5,107.26,0.904,0,2,0
52.02,6,86.5,3,105.33,0.819,0,2,1
39.95,1,65.04,6,92.57,2.603,0,0,0
74.45,14,77.56,1,111.19,1.188,0,1,1
72.48,4,69.34,7,90.07,1.821,1,1,1
31.77,3,81.27,5,86.61,0.653,1,0,0
61.75,14,64.62,6,106.52,3.363,0,0,1
71.64,13,62.66,7,99.26,2.995,0,1,1
38.13,12,91.73,6,110.47,3.037,0,0,1
55.56,2,59.07,7,96.5,1.483,0,0,0
71.2,6,75.24,6,90.05,2.692,0,0,0
31.53,10,63.83,5,110.09,0.589,0,1,0
61.38,11,56.56,1,101.47,0.129,0,2,1
43.38,5,56.44,6,90.68,0.168,1,2,0
71.6,13,62.01,6,106.61,2.094,1,0,1
73.7,6,89.67,2,100.33,1.648,1,1,1
72.49,4,66.3,3,103.13,1.861,1,0,1
51.34,12,93.02,5,98.83,0.125,0,1,1
68.79,5,78.26,7,109.86,1.537,0,0,0
68.0,4,72.46,5,109.89,2.541,0,1,0
44.36,13,78.2,4,106.28,1.605,0,1,1
67.3,6,75.67,7,88.16,2.59,0,2,0
31.67,1,85.35,5,110.17,0.892,1,0,0
56.83,13,66.3,1,105.13,2.865,0,2,1
40.35,10,69.12,7,105.91,2.101,1,2,0
35.43,4,90.76,7,95.89,0.817,0,1,0
33.46,5,92.86,5,111.38,0.905,1,0,0
61.33,5,90.7,7,106.76,2.235,0,1,0
45.29,14,71.78,2,88.38,2.922,1,1,1
62.61,4,86.21,3,97.23,1.513,0,1,1
32.94,9,74.05,7,111.59,0.978,0,0,0
44.19,6,74.9,3,86.42,3.048,0,0,1
54.28,9,63.19,5,113.84,2.376,0,1,1
65.58,7,78.65,6,105.37,1.623,1,0,1
44.34,6,62.45,0,103.94,1.759,0,1,1
58.17,4,68.26,0,93.12,0.794,1,0,1
69.87,0,89.2,6,92.46,2.231,0,0,0
57.71,12,63.28,6,113.26,1.32,1,2,1
40.48,4,57.85,6,93.95,3.485,0,1,0
31.1,9,57.76,1,108.27,1.733,0,2,0
69.15,1,92.63,0,96.79,1.752,1,2,1
30.96,12,75.28,6,89.18,2.024,0,1,0
69.36,4,71.38,1,85.32,3.217,0,1,1
53.8,4,87.44,4,101.33,2.823,1,0,1
72.26,1,88.43,7,114.27,1.634,0,1,0
65.95,4,68.29,1,96.07,2.544,1,2,1
74.91,12,82.74,0,95.72,2.093,0,2,1
45.78,3,85.84,5,95.32,1.774,1,1,0
64.52,0,81.19,4,100.62,0.754,1,2,0
48.09,2,61.06,0,98.22,1.677,1,0,1
51.59,0,90.04,7,111.4,0.936,1,2,0
58.24,11,76.56,1,100.17,3.21,0,0,1
69.32,10,66.3,2,100.23,1.24,0,2,1
74.28,14,72.01,3,89.15,3.338,1,0,1
64.57,4,56.5,7,114.48,1.912,0,0,0
48.8,3,60.11,0,92.5,2.247,0,1,0
48.96,6,85.62,6,87.2,1.946,0,0,0
63.19,4,55.0,1,104.89,0.54,1,1,1
40.74,9,71.66,6,102.86,1.378,0,2,0
34.97,13,75.9,6,97.45,0.437,0,2,0
45.96,3,57.19,6,97.67,2.218,1,2,0
42.93,1,93.92,6,108.55,1.619,0,0,0
43.33,3,64.05,6,90.87,2.745,1,2,0
40.51,11,67.17,4,109.61,0.85,1,2,1
31.89,1,67.16,0,104.46,0.66,1,1,0
30.8,7,64.22,7,97.57,1.482,0,1,0
74.45,2,55.06,0,98.74,3.25,0,2,1
49.25,8,84.17,7,92.7,2.515,1,2,0
47.29,12,93.67,3,107.56,1.524,1,0,1
60.58,3,63.97,1,100.39,1.859,1,0,1
39.82,12,81.52,2,94.63,0.386,1,2,1
72.75,5,84.68,4,102.88,3.448,1,1,1
65.39,9,88.94,1,114.87,2.366,1,2,1
34.02,4,71.91,4,98.06,1.07,0,0,0
48.79,9,67.12,7,112.62,2.092,1,1,0
69.56,12,68.01,0,95.35,0.472,1,1,1
72.51,0,83.5,6,86.64,3.384,1,0,0
51.03,8,87.67,3,91.13,0.694,0,2,1
57.6,0,62.26,3,97.56,2.303,0,2,0
37.52,7,69.84,5,91.59,0.935,0,2,0
74.6,8,91.08,2,85.01,2.54,0,0,1
40.43,8,87.27,3,112.45,2.741,1,1,1
72.42,0,94.39,6,110.32,2.39,0,0,1
59.23,1,85.17,0,107.27,2.189,1,2,1
57.35,11,70.73,2,90.03,3.134,1,0,1
53.07,12,78.63,7,88.61,0.367,1,1,1
40.38,0,81.44,1,87.03,1.225,1,0,0
37.94,9,58.14,7,106.72,0.944,1,2,0
39.92,1,76.78,6,112.86,3.459,1,1,0
38.39,9,83.37,6,97.92,1.424,0,0,0
65.08,11,61.69,3,88.57,2.591,0,0,1
45.76,7,86.23,2,100.37,2.428,0,1,1
32.6,4,78.35,0,95.46,0.821,0,1,0
73.61,11,93.09,7,96.24,0.913,0,2,1
69.77,10,56.7,5,103.64,1.056,1,1,1
71.75,6,65.61,7,106.56,1.498,0,2,0
74.77,1,79.06,4,88.32,0.897,0,0,0
37.83,7,66.86,4,86.07,0.167,0,2,0
47.83,10,83.58,0,114.83,3.09,1,0,1
64.12,5,85.36,0,91.98,3.383,1,1,1
61.32,7,59.1,4,86.61,1.261,1,0,0
36.93,0,75.55,5,90.7,1.251,0,1,0
66.71,14,75.36,2,86.17,0.124,0,0,1
40.1,0,69.77,4,96.75,2.413,0,0,0
40.07,11,92.32,0,109.07,2.906,0,0,1
54.16,6,88.1,3,95.24,0.598,0,0,0
56.68,7,82.89,1,98.33,0.643,1,2,1
56.1,12,83.57,5,105.27,2.786,0,0,1
34.12,2,73.47,6,100.27,2.195,1,2,0
69.49,4,91.84,5,110.84,0.253,0,1,0
41.95,11,82.78,3,110.98,2.217,1,1,1
35.83,0,84.16,3,85.3,1.15,1,2,0
69.99,6,89.47,6,108.34,1.354,1,1,1
73.0,4,65.96,7,98.82,2.717,1,1,0
68.8,7,87.28,0,114.67,2.857,0,0,1
66.43,12,62.81,4,99.5,1.461,0,0,1
59.49,7,68.81,7,114.61,3.32,0,0,1
54.79,8,68.42,2,107.64,1.482,1,2,1
33.91,6,94.14,5,92.46,2.724,0,2,0
48.38,10,89.26,6,101.15,1.745,0,1,1
46.77,0,83.05,5,114.76,3.152,0,0,0
41.69,12,84.08,7,110.73,3.186,0,2,1
62.55,2,77.48,3,87.92,0.397,1,2,0
52.31,7,92.88,4,106.19,3.284,1,0,1
33.65,2,74.85,5,95.37,2.907,0,2,0
39.91,7,70.22,2,85.21,2.79,0,0,1
60.75,0,61.52,3,97.1,0.783,0,1,0
33.43,4,86.45,2,92.04,2.837,1,1,1
68.3,3,84.38,4,109.57,2.99,1,1,1
52.28,4,70.37,5,95.12,1.083,1,0,0
51.63,7,56.01,1,109.83,3.338,0,2,1
56.66,9,88.56,7,85.02,0.27,1,1,0
67.11,14,55.46,5,94.23,0.61,1,1,1
45.65,13,83.15,7,92.23,1.928,1,1,1
60.51,3,93.81,4,92.01,2.058,1,2,1
55.46,10,72.51,5,87.05,2.294,1,2,1
42.02,3,64.4,7,90.61,0.158,0,0,0
69.54,14,83.19,6,101.67,3.365,0,1,1
65.88,2,87.69,7,93.74,0.252,0,2,0
59.63,6,76.86,5,97.52,0.586,0,0,0
68.28,2,93.68,0,96.31,0.148,1,1,1
69.03,11,57.07,5,111.28,2.027,0,2,1
61.88,2,75.19,5,112.16,3.27,0,2,0
67.67,10,83.74,7,99.79,2.364,0,0,1
61.39,9,89.51,2,94.9,2.897,1,1,1
60.61,4,62.17,1,88.2,0.145,0,1,0
57.84,4,87.0,2,113.6,1.943,1,2,1
63.87,13,77.11,7,86.81,1.663,1,1,1
37.14,5,70.86,2,93.93,1.796,1,0,0
69.64,7,60.27,3,93.94,0.346,0,2,1
69.23,9,89.61,0,94.61,2.427,1,2,1
31.32,5,61.29,2,89.93,1.811,0,0,0
67.16,14,67.39,6,108.49,2.702,0,2,1
35.8,11,66.6,4,88.67,1.75,0,1,0
45.08,0,89.86,6,104.05,0.608,1,1,0
63.46,14,81.91,4,88.72,2.304,1,2,1
37.23,7,86.87,5,87.12,0.686,0,0,0
66.81,7,65.02,3,112.28,3.066,1,0,1
67.45,8,79.99,0,90.7,2.185,1,1,1
52.84,8,77.87,6,109.64,0.634,1,0,1
30.29,1,88.31,0,101.34,3.372,0,2,0
42.92,14,91.24,6,87.34,1.862,1,2,1
57.76,1,55.49,5,113.66,0.348,1,1,0
74.15,2,81.96,4,92.41,2.231,0,1,0
58.43,0,57.07,1,110.79,0.961,1,1,0
41.69,3,76.95,3,90.06,2.833,0,0,0
58.53,13,66.51,6,110.62,2.881,1,2,1
54.3,3,67.27,6,85.4,3.428,1,2,0
65.09,13,69.12,5,100.35,1.806,1,2,1
34.81,8,79.85,3,108.08,1.647,1,1,1
64.25,8,68.36,4,113.04,2.662,1,2,1
54.36,8,84.31,4,112.28,0.55,1,0,0
73.33,9,71.18,6,109.59,1.96,0,0,1
45.38,6,57.73,1,111.65,1.957,1,2,1
58.47,13,86.35,1,90.98,0.404,1,1,1
71.94,14,66.43,0,93.53,1.521,1,2,1
34.61,1,72.31,3,93.67,3.001,0,0,0
72.18,9,82.42,3,96.31,3.011,0,0,1
60.95,4,68.3,4,96.8,0.437,0,0,0
33.05,3,57.26,0,101.34,0.408,1,2,0
43.54,11,69.96,5,89.8,0.993,1,0,0
61.87,10,92.78,3,105.74,3.074,0,1,1
33.03,7,80.67,0,90.03,0.538,0,2,1
56.2,1,81.86,0,94.31,2.548,0,2,1
45.56,5,80.29,6,100.1,0.444,1,0,0
57.94,12,62.96,4,108.89,2.219,0,0,1
32.06,4,71.73,0,107.18,1.311,1,1,1
69.22,14,85.04,7,104.37,2.782,1,2,1
73.81,11,59.05,1,89.67,0.895,1,0,1
73.6,1,66.11,7,101.41,2.273,0,1,0
63.73,10,66.05,1,87.62,0.901,1,0,1
35.85,9,72.28,2,96.32,2.526,0,2,1
